A311D2,,,
Pin,Unit,Type,Name
A1,POWER,PWR,DVSS
A2,DDR0,BI,DDR0_DQ0
A3,DDR0,BI,DDR0_DQ5
A5,POWER,PWR,DVSS
A6,DDR0,BI,DDR0_DQ7
A7,DDR0,BI,DDR0_DQSP0
A9,DDR0,BI,DDR0_DQSP1
A10,DDR0,BI,DDR0_DQ11
A12,DDR0,BI,DDR0_DQ15
A13,GPIO,BI,GPIOD_11
A15,GPIO,BI,GPIOD_0
A16,OTHER,BI,SYS_OSCIN
A18,GPIO,BI,GPIOX_15
A19,GPIO,BI,GPIOX_8
A21,GPIO,BI,GPIOX_4
A22,USB,BI,USB20_TXRTUNE
A24,USB,BI,USB30_TXN
A25,USB,BI,USB30_RXP
A27,OTHER,BI,CM_MCLK1
A28,CSI,BI,CSI_B_CLKN
A29,CSI,BI,CSI_A_D3P
A31,CSI,BI,CSI_A_CLKP
A32,CSI,BI,CSI_A_CLKN
A33,POWER,PWR,DVSS
B1,DDR0,BI,DDR0_AC_8
B2,DDR0,BI,DDR0_AC_9
B3,POWER,PWR,DVSS
B4,DDR0,BI,DDR0_DQ1
B5,DDR0,BI,DDR0_DQM0
B6,POWER,PWR,DVSS
B7,DDR0,BI,DDR0_DQSN0
B8,POWER,PWR,DVSS
B9,DDR0,BI,DDR0_DQSN1
B10,DDR0,BI,DDR0_DQ14
B11,POWER,PWR,DVSS
B12,DDR0,BI,DDR0_DQ8
B13,GPIO,BI,GPIOD_5
B14,GPIO,BI,GPIOD_4
B15,GPIO,BI,GPIOD_1
B16,OTHER,BI,SYS_OSCOUT
B17,POWER,PWR,DVSS
B18,GPIO,BI,GPIOX_16
B19,GPIO,BI,GPIOX_9
B20,GPIO,BI,GPIOX_11
B21,GPIO,BI,GPIOX_5
B22,USB,BI,USB30_PCIE_REXT
B23,POWER,PWR,DVSS
B24,USB,BI,USB30_TXP
B25,USB,BI,USB30_RXN
B26,POWER,PWR,DVSS
B27,OTHER,BI,CM_MCLK2
B28,CSI,BI,CSI_B_CLKP
B29,CSI,BI,CSI_A_D3N
B30,CSI,BI,CSI_A_D2P
B31,CSI,BI,CSI_A_D2N
B32,CSI,BI,CSI_A_D1N
B33,CSI,BI,CSI_A_D1P
C2,POWER,PWR,DVSS
C3,DDR0,BI,DDR0_AC_7
C4,DDR0,BI,DDR0_AC_14
C6,DDR0,BI,DDR0_DQ3
C7,DDR0,BI,DDR0_DQ6
C8,DDR0,BI,DDR0_DQM1
C9,POWER,PWR,DVSS
C10,DDR0,BI,DDR0_DQ13
C11,POWER,PWR,DVSS
C12,GPIO,BI,GPIOD_9
C13,POWER,PWR,DVSS
C14,GPIO,BI,GPIOE_3
C15,GPIO,BI,GPIOE_4
C16,POWER,PWR,DVSS
C17,GPIO,BI,GPIOE_0
C18,GPIO,BI,GPIOX_13
C19,GPIO,BI,GPIOX_10
C20,GPIO,BI,GPIOX_7
C21,GPIO,BI,GPIOX_2
C22,OTHER,BI,HCSL_REXT
C23,PCIE,BI,PCIE_CLK_N
C24,PCIE,BI,PCIE_RXN
C25,POWER,PWR,DVSS
C26,USB,BI,USB_A_OTG_DP
C27,USB,BI,USB_A_OTG_DM
C28,USB,BI,USB_B_OTG_DM
C29,POWER,PWR,DVSS
C30,CSI,BI,CSI_D_CLKP
C31,CSI,BI,CSI_D_CLKN
C32,CSI,BI,CSI_A_D0P
D1,DDR0,BI,DDR0_AC_12
D2,DDR0,BI,DDR0_AC_13
D3,DDR0,BI,DDR0_AC_10
D4,DDR0,BI,DDR0_RST
D5,POWER,PWR,DVSS
D6,DDR0,BI,DDR0_DQ2
D7,DDR0,BI,DDR0_DQ4
D8,DDR0,BI,DDR0_DQ9
D10,DDR0,BI,DDR0_DQ12
D11,POWER,PWR,DVSS
D12,GPIO,BI,GPIOD_6
D14,GPIO,BI,GPIOD_10
D15,GPIO,BI,GPIOE_2
D17,GPIO,BI,GPIOX_19
D18,GPIO,BI,GPIOX_12
D20,GPIO,BI,GPIOX_3
D21,GPIO,BI,GPIOX_0
D23,PCIE,BI,PCIE_CLK_P
D24,PCIE,BI,PCIE_RXP
D26,USB,BI,USB_B_OTG_ID
D27,GPIO,BI,GPIOM_9
D28,USB,BI,USB_B_OTG_DP
D30,CSI,BI,CSI_C_D3P
D31,CSI,BI,CSI_C_D3N
D32,CSI,BI,CSI_A_D0N
D33,POWER,PWR,DVSS
E1,POWER,PWR,DVSS
E2,DDR0,BI,DDR0_AC_0
E3,DDR0,BI,DDR0_AC_15
E5,DDR0,BI,DDR0_AC_35
E7,POWER,PWR,DVSS
E8,DDR0,BI,DDR0_DQ10
E9,POWER,PWR,DVSS
E10,POWER,PWR,DVSS
E11,GPIO,BI,GPIOD_8
E12,GPIO,BI,GPIOD_7
E13,POWER,PWR,DVSS
E14,GPIO,BI,GPIOD_3
E15,GPIO,BI,GPIOE_1
E16,POWER,PWR,DVSS
E17,GPIO,BI,GPIOX_18
E18,GPIO,BI,GPIOX_14
E19,POWER,PWR,DVSS
E20,GPIO,BI,GPIOX_6
E21,GPIO,BI,GPIOX_1
E22,POWER,PWR,DVSS
E23,OTHER,BI,POR_OUT
E24,PCIE,BI,PCIE_TXN
E25,POWER,PWR,DVSS
E26,POWER,PWR,DVSS
E27,GPIO,BI,GPIOM_8
E29,POWER,PWR,DVSS
E31,GPIO,BI,GPIOM_11
E32,GPIO,BI,GPIOM_13
E33,GPIO,BI,GPIOM_12
F2,DDR0,BI,DDR0_AC_1
F3,DDR0,BI,DDR0_AC_5
F4,DDR0,BI,DDR0_AC_11
F5,DDR0,BI,DDR0_AC_34
F6,POWER,PWR,DVSS
F8,DDR0,BI,DDR0_PZQ
F9,POWER,PWR,VDDIO_D
F11,GPIO,BI,GPIOD_2
F12,GPIO,BI,GPIOD_12
F14,OTHER,BI,TEST_N
F15,OTHER,BI,RESET_N
F17,GPIO,BI,GPIOE_6
F18,GPIO,BI,GPIOE_5
F20,POWER,PWR,AVDD33_POR
F21,USB,BI,USB_A_OTG_VBUS
F23,POWER,PWR,DVSS
F24,PCIE,BI,PCIE_TXP
F26,POWER,PWR,DVSS
F28,CSI,BI,CSI_C_D2P
F29,CSI,BI,CSI_C_D2N
F30,CSI,BI,CSI_C_CLKP
F31,CSI,BI,CSI_C_CLKN
F32,GPIO,BI,GPIOM_10
G1,DDR0,BI,DDR0_AC_2
G2,POWER,PWR,DVSS
G3,DDR0,BI,DDR0_AC_4
G4,DDR0,BI,DDR0_AC_24
G5,DDR0,BI,DDR0_AC_25
G6,DDR0,BI,DDR0_PVREF
G8,POWER,PWR,DVSS
G9,POWER,PWR,VDDQ
G10,POWER,PWR,DVSS
G11,POWER,PWR,DVSS
G12,POWER,PWR,VDDCPU_A
G13,POWER,PWR,DVSS
G14,POWER,PWR,DVSS
G15,POWER,PWR,DVSS
G16,POWER,PWR,VDD18_AO
G17,POWER,PWR,DVSS
G18,POWER,PWR,VDDIO_X
G19,POWER,PWR,DVSS
G20,POWER,PWR,DVSS
G21,GPIO,BI,GPIOX_17
G22,POWER,PWR,DVSS
G23,POWER,PWR,DVSS
G24,POWER,PWR,DVSS
G25,POWER,PWR,DVSS
G26,POWER,PWR,DVSS
G28,CSI,BI,CSI_C_D0N
G29,CSI,BI,CSI_C_D0P
G30,CSI,BI,CSI_C_D1P
G31,CSI,BI,CSI_C_D1N
G32,GPIO,BI,GPIOM_7
G33,GPIO,BI,GPIOM_6
H1,POWER,PWR,DVSS
H2,DDR0,BI,DDR0_AC_31
H3,DDR0,BI,DDR0_AC_3
H5,POWER,PWR,DVSS
H8,POWER,PWR,VDDQ
H9,POWER,PWR,DVSS
H10,POWER,PWR,VDD_DDR
H11,POWER,PWR,DVSS
H12,POWER,PWR,VDDCPU_A
H13,POWER,PWR,VDDCPU_A
H14,POWER,PWR,DVSS
H15,POWER,PWR,VDDCPU_A
H16,POWER,PWR,VDDIO_E
H17,POWER,PWR,DVSS
H18,POWER,PWR,DVSS
H19,POWER,PWR,DVSS
H20,POWER,PWR,DVSS
H21,USB,BI,USB_A_OTG_ID
H22,POWER,PWR,AVDD0V8_USB_PCIE
H23,POWER,PWR,DVSS
H24,POWER,PWR,AVDD33_USB
H25,POWER,PWR,AVDD18_MCLK
H26,POWER,PWR,DVSS
H29,POWER,PWR,DVSS
H31,GPIO,BI,GPIOM_1
H32,GPIO,BI,GPIOM_5
H33,GPIO,BI,GPIOM_4
J2,DDR0,BI,DDR0_AC_29
J3,DDR0,BI,DDR0_AC_33
J4,DDR0,BI,DDR0_AC_6
J5,DDR0,BI,DDR0_AC_26
J6,DDR0,BI,DDR0_AC_36
J8,POWER,PWR,DVSS
J9,POWER,PWR,DVSS
J10,POWER,PWR,DVSS
J11,POWER,PWR,VDD_DDR
J12,POWER,PWR,VDDCPU_A
J13,POWER,PWR,DVSS
J14,POWER,PWR,DVSS
J15,POWER,PWR,VDDCPU_A
J16,POWER,PWR,DVSS
J17,POWER,PWR,DVSS
J18,POWER,PWR,DVSS
J19,POWER,PWR,VDD_EE
J20,POWER,PWR,VDD_EE
J21,POWER,PWR,DVSS
J22,POWER,PWR,DVSS
J23,POWER,PWR,DVSS
J24,POWER,PWR,DVSS
J25,POWER,PWR,AVDD18_USB_PCIE
J26,POWER,PWR,DVSS
J28,GPIO,BI,GPIOT_15
J29,GPIO,BI,GPIOT_12
J30,GPIO,BI,GPIOM_2
J31,GPIO,BI,GPIOM_0
J32,GPIO,BI,GPIOM_3
K1,DDR0,BI,DDR0_AC_30
K2,POWER,PWR,DVSS
K3,DDR0,BI,DDR0_AC_21
K4,DDR0,BI,DDR0_AC_20
K5,DDR0,BI,DDR0_AC_28
K6,DDR0,BI,DDR0_AC_38
K8,POWER,PWR,DVSS
K9,POWER,PWR,VDDQ
K10,POWER,PWR,DVSS
K11,POWER,PWR,DVSS
K12,POWER,PWR,VDDCPU_A
K13,POWER,PWR,VDDCPU_A
K14,POWER,PWR,DVSS
K15,POWER,PWR,VDDCPU_A
K16,POWER,PWR,VDDCPU_A
K17,POWER,PWR,AVDD18_PLL
K18,POWER,PWR,DVSS
K19,POWER,PWR,VDD_EE
K20,POWER,PWR,VDD_EE
K21,POWER,PWR,VDD_EE
K22,POWER,PWR,DVSS
K23,POWER,PWR,DVSS
K24,USB,BI,USB_B_OTG_VBUS
K25,POWER,PWR,DVSS
K26,POWER,PWR,DVSS
K28,GPIO,BI,GPIOT_16
K29,GPIO,BI,GPIOT_17
K30,GPIO,BI,GPIOT_5
K31,GPIO,BI,GPIOT_8
K32,GPIO,BI,GPIOT_11
K33,GPIO,BI,GPIOT_7
L1,POWER,PWR,DVSS
L2,DDR0,BI,DDR0_DQM2
L3,DDR0,BI,DDR0_AC_32
L5,POWER,PWR,DVSS
L8,POWER,PWR,VDDQ
L9,POWER,PWR,DVSS
L10,POWER,PWR,VDD_DDR
L11,POWER,PWR,DVSS
L12,POWER,PWR,VDDCPU_A
L13,POWER,PWR,DVSS
L14,POWER,PWR,DVSS
L15,POWER,PWR,VDDCPU_A
L16,POWER,PWR,DVSS
L17,POWER,PWR,AVSS_PLL
L18,POWER,PWR,DVSS
L19,POWER,PWR,DVSS
L20,POWER,PWR,DVSS
L21,POWER,PWR,DVSS
L22,POWER,PWR,AVDD0V8_CSI
L23,POWER,PWR,DVSS
L24,POWER,PWR,DVSS
L25,POWER,PWR,VDDIO_M
L26,POWER,PWR,DVSS
L29,POWER,PWR,DVSS
L31,POWER,PWR,DVSS
L32,GPIO,BI,GPIOT_19
L33,GPIO,BI,GPIOT_6
M2,DDR0,BI,DDR0_DQ20
M3,DDR0,BI,DDR0_DQ17
M4,DDR0,BI,DDR0_AC_22
M5,DDR0,BI,DDR0_AC_23
M6,POWER,PWR,VDDQLP
M8,POWER,PWR,DVSS
M9,POWER,PWR,DVSS
M10,POWER,PWR,DVSS
M11,POWER,PWR,VDD_DDR
M12,POWER,PWR,VDDCPU_A
M13,POWER,PWR,VDDCPU_A
M14,POWER,PWR,DVSS
M15,POWER,PWR,VDDCPU_A
M16,POWER,PWR,VDDCPU_A
M17,POWER,PWR,DVSS
M18,POWER,PWR,VDD_GPU
M19,POWER,PWR,VDD_GPU
M20,POWER,PWR,VDD_GPU
M21,POWER,PWR,VDD_GPU
M22,POWER,PWR,VDD_GPU
M23,POWER,PWR,VDD_GPU
M24,POWER,PWR,DVSS
M25,POWER,PWR,AVDD18_CSI
M26,POWER,PWR,DVSS
M28,GPIO,BI,GPIOT_13
M29,GPIO,BI,GPIOT_14
M30,GPIO,BI,GPIOT_20
M31,GPIO,BI,GPIOT_21
M32,GPIO,BI,GPIOT_9
N1,DDR0,BI,DDR0_DQ21
N2,POWER,PWR,DVSS
N3,DDR0,BI,DDR0_DQ16
N4,DDR0,BI,DDR0_DQ19
N5,DDR0,BI,DDR0_DQ23
N6,POWER,PWR,DVSS
N8,POWER,PWR,AVDD_DDR0PLL
N9,POWER,PWR,VDDQ
N10,POWER,PWR,DVSS
N11,POWER,PWR,DVSS
N12,POWER,PWR,VDDCPU_A
N13,POWER,PWR,DVSS
N14,POWER,PWR,DVSS
N15,POWER,PWR,VDDCPU_A
N16,POWER,PWR,DVSS
N17,POWER,PWR,DVSS
N18,POWER,PWR,VDD_GPU
N19,POWER,PWR,DVSS
N20,POWER,PWR,VDD_GPU
N21,POWER,PWR,DVSS
N22,POWER,PWR,VDD_GPU
N23,POWER,PWR,DVSS
N24,POWER,PWR,DVSS
N25,POWER,PWR,DVSS
N26,POWER,PWR,DVSS
N28,GPIO,BI,GPIOT_18
N29,GPIO,BI,GPIOT_2
N30,GPIO,BI,GPIOT_23
N31,GPIO,BI,GPIOT_22
N32,GPIO,BI,GPIOT_10
N33,GPIO,BI,GPIOT_3
P1,POWER,PWR,DVSS
P2,DDR0,BI,DDR0_DQ22
P3,DDR0,BI,DDR0_DQ18
P5,POWER,PWR,DVSS
P8,POWER,PWR,VDDQ
P9,POWER,PWR,DVSS
P10,POWER,PWR,VDD_DDR
P11,POWER,PWR,DVSS
P12,POWER,PWR,VDDCPU_A
P13,POWER,PWR,VDDCPU_A
P14,POWER,PWR,DVSS
P15,POWER,PWR,VDDCPU_A
P16,POWER,PWR,VDDCPU_A
P17,POWER,PWR,DVSS
P18,POWER,PWR,DVSS
P19,POWER,PWR,DVSS
P20,POWER,PWR,DVSS
P21,POWER,PWR,DVSS
P22,POWER,PWR,DVSS
P23,POWER,PWR,DVSS
P24,POWER,PWR,VDD_GPU
P25,POWER,PWR,DVSS
P26,POWER,PWR,DVSS
P29,POWER,PWR,DVSS
P31,GPIO,BI,GPIOT_4
P32,GPIO,BI,GPIOT_0
P33,GPIO,BI,GPIOT_1
R2,DDR0,BI,DDR0_DQ24
R3,DDR0,BI,DDR0_DQSP2
R4,DDR0,BI,DDR0_DQSN2
R5,POWER,PWR,DVSS
R6,DDR0,BI,DDR0_AC_37
R8,POWER,PWR,DVSS
R9,POWER,PWR,DVSS
R10,POWER,PWR,DVSS
R11,POWER,PWR,VDD_DDR
R12,POWER,PWR,VDDCPU_A
R13,POWER,PWR,DVSS
R14,POWER,PWR,DVSS
R15,POWER,PWR,VDDCPU_A
R16,POWER,PWR,DVSS
R17,POWER,PWR,DVSS
R18,POWER,PWR,VDD_GPU
R19,POWER,PWR,VDD_GPU
R20,POWER,PWR,VDD_GPU
R21,POWER,PWR,VDD_GPU
R22,POWER,PWR,VDD_GPU
R23,POWER,PWR,VDD_GPU
R24,POWER,PWR,DVSS
R25,POWER,PWR,VDDIO_T
R26,POWER,PWR,DVSS
R28,GPIO,BI,GPIOH_0
R29,GPIO,BI,GPIOH_1
R30,GPIO,BI,GPIOH_2
R31,GPIO,BI,GPIOH_3
R32,GPIO,BI,GPIOH_4
T1,DDR0,BI,DDR0_DQ27
T2,POWER,PWR,DVSS
T3,DDR0,BI,DDR0_DQSP3
T4,DDR0,BI,DDR0_DQSN3
T5,POWER,PWR,DVSS
T6,POWER,PWR,VDDQLP
T8,POWER,PWR,DVSS
T9,POWER,PWR,VDDQ
T10,POWER,PWR,DVSS
T11,POWER,PWR,DVSS
T12,POWER,PWR,VDDCPU_A
T13,POWER,PWR,VDDCPU_A
T14,POWER,PWR,DVSS
T15,POWER,PWR,VDDCPU_A
T16,POWER,PWR,VDDCPU_A
T17,POWER,PWR,DVSS
T18,POWER,PWR,VDD_GPU
T19,POWER,PWR,DVSS
T20,POWER,PWR,VDD_GPU
T21,POWER,PWR,DVSS
T22,POWER,PWR,VDD_GPU
T23,POWER,PWR,DVSS
T24,POWER,PWR,DVSS
T25,POWER,PWR,DVSS
T26,POWER,PWR,DVSS
T28,POWER,PWR,VDDIO_Z
T29,GPIO,BI,GPIOH_5
T30,GPIO,BI,GPIOH_6
T31,GPIO,BI,GPIOH_7
T32,GPIO,BI,GPIOC_2
T33,GPIO,BI,GPIOC_3
U1,POWER,PWR,DVSS
U2,DDR0,BI,DDR0_DQ25
U3,DDR0,BI,DDR0_DQ26
U5,POWER,PWR,VDDQLP
U8,POWER,PWR,VDDQ
U9,POWER,PWR,DVSS
U10,POWER,PWR,VDD_DDR
U11,POWER,PWR,DVSS
U12,POWER,PWR,DVSS
U13,POWER,PWR,DVSS
U14,POWER,PWR,DVSS
U15,POWER,PWR,DVSS
U16,POWER,PWR,DVSS
U17,POWER,PWR,DVSS
U18,POWER,PWR,DVSS
U19,POWER,PWR,DVSS
U20,POWER,PWR,DVSS
U21,POWER,PWR,DVSS
U22,POWER,PWR,DVSS
U23,POWER,PWR,DVSS
U24,POWER,PWR,DVSS
U25,POWER,PWR,DVSS
U26,POWER,PWR,VDDIO_C
U29,POWER,PWR,DVSS
U31,GPIO,BI,GPIOC_5
U32,POWER,PWR,DVSS
U33,GPIO,BI,GPIOC_4
V2,DDR0,BI,DDR0_DQM3
V3,DDR0,BI,DDR0_DQ30
V4,DDR0,BI,DDR0_DQ29
V5,DDR0,BI,DDR0_DQ28
V6,POWER,PWR,DVSS
V8,POWER,PWR,DVSS
V9,POWER,PWR,DVSS
V10,POWER,PWR,DVSS
V11,POWER,PWR,VDD_DDR
V12,POWER,PWR,DVSS
V13,POWER,PWR,DVSS
V14,POWER,PWR,VDD_EE
V15,POWER,PWR,DVSS
V16,POWER,PWR,VDD_EE
V17,POWER,PWR,DVSS
V18,POWER,PWR,DVSS
V19,POWER,NC,NC
V20,POWER,NC,NC
V21,POWER,NC,NC
V22,POWER,NC,NC
V23,POWER,NC,NC
V24,POWER,PWR,DVSS
V25,POWER,PWR,VDDIO_H
V26,POWER,PWR,DVSS
V28,GPIO,BI,GPIOZ_6
V29,GPIO,BI,GPIOZ_13
V30,GPIO,BI,GPIOZ_11
V31,GPIO,BI,GPIOZ_12
V32,GPIO,BI,GPIOC_0
W1,DDR1,BI,DDR1_DQM3
W2,POWER,PWR,DVSS
W3,DDR0,BI,DDR0_DQ31
W4,DDR1,BI,DDR1_DQ29
W5,DDR1,BI,DDR1_DQ30
W6,DDR1,BI,DDR1_AC_38
W8,POWER,PWR,VDDQLP
W9,POWER,PWR,VDDQLP
W10,POWER,PWR,DVSS
W11,POWER,PWR,DVSS
W12,POWER,PWR,DVSS
W13,POWER,PWR,VDD_EE
W14,POWER,PWR,VDD_EE
W15,POWER,PWR,VDD_EE
W16,POWER,PWR,VDD_EE
W17,POWER,PWR,VDD_EE
W18,POWER,PWR,DVSS
W19,POWER,NC,NC
W20,POWER,PWR,DVSS
W21,POWER,NC,NC
W22,POWER,PWR,DVSS
W23,POWER,NC,NC
W24,POWER,PWR,DVSS
W25,POWER,PWR,DVSS
W26,POWER,PWR,DVSS
W28,POWER,PWR,DVSS
W29,GPIO,BI,GPIOZ_8
W30,GPIO,BI,GPIOZ_9
W31,GPIO,BI,GPIOZ_10
W32,GPIO,BI,GPIOC_1
W33,GPIO,BI,GPIOC_6
Y1,POWER,PWR,DVSS
Y2,DDR1,BI,DDR1_DQ31
Y3,DDR1,BI,DDR1_DQ28
Y5,POWER,PWR,DVSS
Y8,POWER,PWR,DVSS
Y9,POWER,PWR,DVSS
Y10,POWER,PWR,DVSS
Y11,POWER,PWR,VDD_DDR
Y12,POWER,PWR,DVSS
Y13,POWER,PWR,DVSS
Y14,POWER,PWR,DVSS
Y15,POWER,PWR,DVSS
Y16,POWER,PWR,DVSS
Y17,POWER,PWR,DVSS
Y18,POWER,PWR,DVSS
Y19,POWER,PWR,DVSS
Y20,POWER,PWR,DVSS
Y21,POWER,PWR,DVSS
Y22,POWER,PWR,DVSS
Y23,POWER,PWR,DVSS
Y24,POWER,PWR,DVSS
Y25,POWER,PWR,AVDD18_SARADC
Y26,POWER,PWR,DVSS
Y29,POWER,PWR,DVSS
Y31,POWER,PWR,DVSS
Y32,ENET,BI,ENET_TXN
Y33,ENET,BI,ENET_TXP
AA2,DDR1,BI,DDR1_DQ27
AA3,DDR1,BI,DDR1_DQ25
AA4,DDR1,BI,DDR1_DQ26
AA5,POWER,PWR,DVSS
AA6,DDR1,BI,DDR1_AC_36
AA8,POWER,PWR,VDDQ
AA9,POWER,PWR,DVSS
AA10,POWER,PWR,VDD_DDR
AA11,POWER,PWR,DVSS
AA12,POWER,PWR,VDDCPU_B
AA13,POWER,PWR,VDDCPU_B
AA14,POWER,PWR,DVSS
AA15,POWER,PWR,VDDCPU_B
AA16,POWER,PWR,VDDCPU_B
AA17,POWER,PWR,DVSS
AA18,POWER,PWR,DVSS
AA19,POWER,NC,NC
AA20,POWER,NC,NC
AA21,POWER,NC,NC
AA22,POWER,NC,NC
AA23,POWER,NC,NC
AA24,POWER,NC,NC
AA25,ENET,BI,ENET_ATP
AA26,POWER,PWR,DVSS
AA28,GPIO,BI,GPIOZ_7
AA29,GPIO,BI,GPIOZ_5
AA30,GPIO,BI,GPIOZ_3
AA31,GPIO,BI,GPIOZ_4
AA32,ENET,BI,ENET_RXP
AB1,DDR1,BI,DDR1_DQ24
AB2,POWER,PWR,DVSS
AB3,DDR1,BI,DDR1_DQSN3
AB4,DDR1,BI,DDR1_DQSP3
AB5,POWER,PWR,DVSS
AB6,DDR1,BI,DDR1_AC_37
AB8,POWER,PWR,VDDQLP
AB9,POWER,PWR,VDDQ
AB10,POWER,PWR,DVSS
AB11,POWER,PWR,DVSS
AB12,POWER,PWR,VDDCPU_B
AB13,POWER,PWR,DVSS
AB14,POWER,PWR,DVSS
AB15,POWER,PWR,VDDCPU_B
AB16,POWER,PWR,DVSS
AB17,POWER,PWR,DVSS
AB18,POWER,PWR,DVSS
AB19,POWER,NC,NC
AB20,POWER,PWR,DVSS
AB21,POWER,NC,NC
AB22,POWER,PWR,DVSS
AB23,POWER,NC,NC
AB24,POWER,PWR,DVSS
AB25,POWER,PWR,AVDD18_ENET
AB26,POWER,PWR,DVSS
AB28,ENET,BI,ENET_EXTRES
AB29,GPIO,BI,GPIOZ_0
AB30,GPIO,BI,GPIOZ_1
AB31,GPIO,BI,GPIOZ_2
AB32,ENET,BI,ENET_RXN
AB33,POWER,PWR,DVSS
AC1,POWER,PWR,DVSS
AC2,DDR1,BI,DDR1_DQ23
AC3,DDR1,BI,DDR1_DQ20
AC5,POWER,PWR,VDDQLP
AC8,POWER,PWR,DVSS
AC9,POWER,PWR,DVSS
AC10,POWER,PWR,DVSS
AC11,POWER,PWR,VDD_DDR
AC12,POWER,PWR,VDDCPU_B
AC13,POWER,PWR,VDDCPU_B
AC14,POWER,PWR,DVSS
AC15,POWER,PWR,VDDCPU_B
AC16,POWER,PWR,VDDCPU_B
AC17,POWER,PWR,DVSS
AC18,POWER,PWR,DVSS
AC19,POWER,PWR,DVSS
AC20,POWER,PWR,DVSS
AC21,POWER,PWR,DVSS
AC22,POWER,PWR,DVSS
AC23,POWER,PWR,DVSS
AC24,POWER,PWR,DVSS
AC25,POWER,PWR,DVSS
AC26,POWER,PWR,DVSS
AC29,POWER,PWR,DVSS
AC31,OTHER,BI,AU_AIL1
AC32,OTHER,BI,AU_AIL2
AC33,OTHER,BI,AU_AIR1
AD2,DDR1,BI,DDR1_DQ21
AD3,DDR1,BI,DDR1_DQSN2
AD4,DDR1,BI,DDR1_DQSP2
AD5,POWER,PWR,DVSS
AD6,POWER,PWR,VDDQLP
AD8,POWER,PWR,VDDQ
AD9,POWER,PWR,DVSS
AD10,POWER,PWR,VDD_DDR
AD11,POWER,PWR,DVSS
AD12,POWER,PWR,VDDCPU_B
AD13,POWER,PWR,DVSS
AD14,POWER,PWR,DVSS
AD15,POWER,PWR,VDDCPU_B
AD16,POWER,PWR,DVSS
AD17,POWER,PWR,DVSS
AD18,POWER,PWR,VDD_EE
AD19,POWER,PWR,DVSS
AD20,POWER,PWR,VDD_EE
AD21,POWER,NC,NC
AD22,POWER,PWR,DVSS
AD23,POWER,NC,NC
AD24,POWER,PWR,DVSS
AD25,POWER,PWR,DVSS
AD26,OTHER,BI,AU_VMID
AD28,OTHER,BI,SARADC_CH6
AD29,OTHER,BI,SARADC_CH3
AD30,OTHER,BI,SARADC_CH2
AD31,OTHER,BI,SARADC_CH0
AD32,OTHER,BI,AU_AIR2
AE1,DDR1,BI,DDR1_DQ19
AE2,POWER,PWR,DVSS
AE3,DDR1,BI,DDR1_DQ22
AE4,DDR1,BI,DDR1_DQ16
AE5,DDR1,BI,DDR1_AC_29
AE6,DDR1,BI,DDR1_AC_34
AE8,POWER,PWR,AVDD_DDR1PLL
AE9,POWER,PWR,VDDQ
AE10,POWER,PWR,DVSS
AE11,POWER,PWR,DVSS
AE12,POWER,PWR,VDDCPU_B
AE13,POWER,PWR,VDDCPU_B
AE14,POWER,PWR,DVSS
AE15,POWER,PWR,VDDCPU_B
AE16,POWER,PWR,VDDCPU_B
AE17,POWER,PWR,DVSS
AE18,POWER,PWR,VDD_EE
AE19,POWER,PWR,VDD_EE
AE20,POWER,PWR,VDD_EE
AE21,POWER,NC,NC
AE22,POWER,NC,NC
AE23,POWER,NC,NC
AE24,POWER,PWR,DVSS
AE25,POWER,PWR,AVDD18_AUDIO
AE26,POWER,PWR,AVSS_AUDIO
AE28,OTHER,BI,AU_REFP
AE29,OTHER,BI,SARADC_CH1
AE30,OTHER,BI,AU_LO1L
AE31,OTHER,BI,AU_LO1R
AE32,POWER,PWR,DVSS
AE33,GPIO,BI,GPIOW_14
AF1,POWER,PWR,DVSS
AF2,DDR1,BI,DDR1_DQ17
AF3,DDR1,BI,DDR1_DQM2
AF5,POWER,PWR,DVSS
AF8,POWER,PWR,DVSS
AF9,POWER,PWR,DVSS
AF10,POWER,PWR,DVSS
AF11,POWER,PWR,VDD_DDR
AF12,POWER,PWR,VDDCPU_B
AF13,POWER,PWR,DVSS
AF14,POWER,PWR,DVSS
AF15,POWER,PWR,DVSS
AF16,POWER,PWR,DVSS
AF17,POWER,PWR,DVSS
AF18,POWER,PWR,DVSS
AF19,POWER,PWR,DVSS
AF20,POWER,PWR,DVSS
AF21,POWER,PWR,DVSS
AF22,POWER,PWR,DVSS
AF23,POWER,PWR,DVSS
AF24,POWER,PWR,DVSS
AF25,POWER,PWR,DVSS
AF26,POWER,PWR,DVSS
AF29,POWER,PWR,DVSS
AF31,GPIO,BI,GPIOW_13
AF32,GPIO,BI,GPIOW_12
AF33,GPIO,BI,GPIOW_4
AG2,DDR1,BI,DDR1_DQ18
AG3,DDR1,BI,DDR1_AC_31
AG4,DDR1,BI,DDR1_AC_30
AG5,DDR1,BI,DDR1_AC_32
AG6,DDR1,BI,DDR1_AC_35
AG8,POWER,PWR,VDDQ
AG9,POWER,PWR,DVSS
AG10,POWER,PWR,VDD_DDR
AG11,POWER,PWR,DVSS
AG12,POWER,PWR,VDDCPU_B
AG13,POWER,PWR,VDDCPU_B
AG14,POWER,PWR,DVSS
AG15,POWER,PWR,DVSS
AG16,POWER,PWR,DVSS
AG17,POWER,PWR,DVSS
AG18,POWER,PWR,DVSS
AG19,POWER,PWR,VDD_EE
AG20,POWER,PWR,DVSS
AG21,POWER,PWR,VDD_EE
AG22,POWER,PWR,DVSS
AG23,POWER,PWR,VDD_EE
AG24,POWER,PWR,DVSS
AG25,POWER,PWR,DVSS
AG26,POWER,PWR,DVSS
AG28,GPIO,BI,GPIOW_3
AG29,GPIO,BI,GPIOW_2
AG30,GPIO,BI,GPIOW_9
AG31,GPIO,BI,GPIOW_8
AG32,GPIO,BI,GPIOW_15
AH1,DDR1,BI,DDR1_AC_33
AH2,POWER,PWR,DVSS
AH3,DDR1,BI,DDR1_AC_25
AH4,DDR1,BI,DDR1_AC_24
AH5,POWER,PWR,DVSS
AH6,DDR1,BI,DDR1_AC_15
AH8,POWER,PWR,DVSS
AH9,POWER,PWR,VDDQ
AH10,POWER,PWR,DVSS
AH11,POWER,PWR,DVSS
AH12,POWER,PWR,DVSS
AH13,POWER,PWR,DVSS
AH14,POWER,PWR,DVSS
AH15,POWER,PWR,DVSS
AH16,POWER,PWR,DVSS
AH17,POWER,PWR,DVSS
AH18,POWER,PWR,DVSS
AH19,POWER,PWR,VDD_EE
AH20,POWER,PWR,VDD_EE
AH21,POWER,PWR,VDD_EE
AH22,POWER,PWR,VDD_EE
AH23,POWER,PWR,VDD_EE
AH24,POWER,PWR,DVSS
AH25,POWER,PWR,AVDD18_HDMITX_EARCRX
AH26,POWER,PWR,DVSS
AH28,GPIO,BI,GPIOW_0
AH29,GPIO,BI,GPIOW_10
AH30,GPIO,BI,GPIOW_11
AH31,GPIO,BI,GPIOW_16
AH32,GPIO,BI,GPIOW_7
AH33,GPIO,BI,GPIOW_6
AJ1,POWER,PWR,DVSS
AJ2,DDR1,BI,DDR1_AC_22
AJ3,DDR1,BI,DDR1_AC_28
AJ5,POWER,PWR,DVSS
AJ8,POWER,PWR,DVSS
AJ9,POWER,PWR,DVSS
AJ10,POWER,PWR,DVSS
AJ11,POWER,PWR,VDD_DDR
AJ12,POWER,PWR,DVSS
AJ13,POWER,PWR,AVDD08_DP
AJ14,POWER,PWR,AVDD18_DP
AJ15,POWER,PWR,AVDD18_DP
AJ16,POWER,PWR,DVSS
AJ17,POWER,PWR,VDDIO_Y
AJ18,POWER,PWR,DVSS
AJ19,POWER,PWR,DVSS
AJ20,POWER,PWR,DVSS
AJ21,POWER,PWR,AVDD33_HDMITX
AJ22,POWER,PWR,DVSS
AJ23,POWER,PWR,DVSS
AJ24,POWER,PWR,DVSS
AJ25,POWER,PWR,DVSS
AJ26,POWER,PWR,AVSS_HPLL
AJ29,POWER,PWR,DVSS
AJ31,POWER,PWR,DVSS
AJ32,HDMI,BI,HDMITX_D2P
AJ33,HDMI,BI,HDMITX_REXT
AK2,DDR1,BI,DDR1_AC_23
AK3,DDR1,BI,DDR1_AC_4
AK4,DDR1,BI,DDR1_AC_5
AK5,POWER,PWR,DVSS
AK6,DDR1,BI,DDR1_PVREF
AK8,POWER,PWR,VDDQ
AK9,POWER,PWR,DVSS
AK10,POWER,PWR,VDD_DDR
AK11,POWER,PWR,DVSS
AK12,POWER,PWR,DVSS
AK13,POWER,PWR,AVDD08_DP
AK14,POWER,PWR,DVSS
AK15,POWER,PWR,DVSS
AK16,POWER,PWR,DVSS
AK17,POWER,PWR,DVSS
AK18,POWER,PWR,VDD18_AO
AK19,POWER,PWR,DVSS
AK20,POWER,PWR,DVSS
AK21,POWER,PWR,DVSS
AK22,POWER,PWR,DVSS
AK23,POWER,PWR,AVDD08_HDMIRX
AK24,POWER,PWR,AVDD33_HDMIRX
AK25,POWER,PWR,AVDD18_HDMIRX_EARCTX
AK26,POWER,PWR,DVSS
AK28,HDMI,BI,HDMITX_ARCRXP
AK29,HDMI,BI,HDMITX_ARCRXN
AK30,HDMI,BI,HDMIRX_C_D2N
AK31,HDMI,BI,HDMIRX_C_D2P
AK32,HDMI,BI,HDMITX_D2N
AL1,DDR1,BI,DDR1_AC_20
AL2,POWER,PWR,DVSS
AL3,DDR1,BI,DDR1_AC_9
AL4,DDR1,BI,DDR1_AC_12
AL5,DDR1,BI,DDR1_AC_1
AL6,DDR1,BI,DDR1_RST
AL8,POWER,PWR,DVSS
AL9,POWER,PWR,VDDQ
AL10,POWER,PWR,AVSS_DP
AL11,POWER,PWR,AVDD18_DDR_DP_PLL
AL12,POWER,PWR,DVSS
AL13,POWER,PWR,DVSS
AL14,POWER,PWR,DVSS
AL15,POWER,PWR,DVSS
AL16,OTHER,BI,VX1_LPP
AL17,OTHER,BI,VX1_LPN
AL18,POWER,PWR,DVSS
AL19,OTHER,BI,VX1_ATP
AL20,POWER,PWR,DVSS
AL21,POWER,PWR,DVSS
AL22,POWER,PWR,DVSS
AL23,POWER,PWR,DVSS
AL24,POWER,PWR,DVSS
AL25,POWER,PWR,AVDD08_HDMITX
AL26,POWER,PWR,DVSS
AL28,HDMI,BI,HDMIRX_C_D0N
AL29,HDMI,BI,HDMIRX_C_D0P
AL30,HDMI,BI,HDMIRX_C_D1N
AL31,HDMI,BI,HDMIRX_C_D1P
AL32,HDMI,BI,HDMITX_D1P
AL33,HDMI,BI,HDMITX_D1N
AM1,DDR1,BI,DDR1_AC_21
AM2,POWER,PWR,DVSS
AM3,DDR1,BI,DDR1_AC_13
AM5,POWER,PWR,DVSS
AM8,POWER,PWR,DVSS
AM9,POWER,PWR,DVSS
AM11,POWER,PWR,DVSS
AM12,OTHER,BI,VX1_B_4P
AM14,GPIO,BI,GPIOY_1
AM15,OTHER,BI,VX1_A_5N
AM17,GPIO,BI,GPIOY_0
AM18,OTHER,BI,VX1_A_0N
AM20,GPIO,BI,GPIOY_4
AM21,GPIO,BI,GPIOB_3
AM23,POWER,PWR,VDDIO_B
AM24,GPIO,BI,GPIOB_12
AM26,POWER,PWR,DVSS
AM29,POWER,PWR,DVSS
AM31,POWER,PWR,DVSS
AM32,HDMI,BI,HDMITX_D0P
AM33,POWER,PWR,DVSS
AN2,DDR1,BI,DDR1_AC_8
AN3,DDR1,BI,DDR1_AC_0
AN4,DDR1,BI,DDR1_AC_6
AN5,POWER,PWR,DVSS
AN6,DDR1,BI,DDR1_DQ2
AN7,DDR1,BI,DDR1_PZQ
AN8,DDR1,BI,DDR1_DQ14
AN9,POWER,PWR,DVSS
AN10,OTHER,BI,VX1_B_7P
AN11,OTHER,BI,VX1_B_7N
AN12,OTHER,BI,VX1_B_4N
AN13,POWER,PWR,DVSS
AN14,GPIO,BI,GPIOY_2
AN15,OTHER,BI,VX1_A_5P
AN16,POWER,PWR,DVSS
AN17,POWER,PWR,DVSS
AN18,OTHER,BI,VX1_A_0P
AN19,POWER,PWR,DVSS
AN20,GPIO,BI,GPIOY_3
AN21,GPIO,BI,GPIOB_2
AN22,POWER,PWR,DVSS
AN23,GPIO,BI,GPIOB_10
AN24,GPIO,BI,GPIOB_11
AN25,POWER,PWR,DVSS
AN26,POWER,PWR,DVSS
AN27,GPIO,BI,GPIOW_1
AN28,GPIO,BI,GPIOW_5
AN29,POWER,PWR,DVSS
AN30,HDMI,BI,HDMIRX_C_CLKN
AN31,HDMI,BI,HDMIRX_C_CLKP
AN32,HDMI,BI,HDMITX_D0N
AP1,DDR1,BI,DDR1_AC_2
AP2,POWER,PWR,DVSS
AP3,DDR1,BI,DDR1_AC_3
AP4,DDR1,BI,DDR1_DQ1
AP6,DDR1,BI,DDR1_DQ3
AP7,DDR1,BI,DDR1_DQM1
AP8,DDR1,BI,DDR1_DQ13
AP10,POWER,PWR,DVSS
AP11,OTHER,BI,VX1_B_6N
AP12,OTHER,BI,VX1_B_5N
AP14,OTHER,BI,VX1_B_1P
AP15,OTHER,BI,VX1_A_7P
AP17,OTHER,BI,VX1_A_3P
AP18,OTHER,BI,VX1_A_1P
AP20,GPIO,BI,GPIOB_1
AP21,GPIO,BI,GPIOB_0
AP23,GPIO,BI,GPIOB_5
AP24,GPIO,BI,GPIOB_7
AP26,GPIO,BI,GPIOB_8
AP27,HDMI,BI,HDMIRX_ARCTXN
AP28,HDMI,BI,HDMIRX_B_CLKP
AP29,HDMI,BI,HDMIRX_B_D0N
AP30,HDMI,BI,HDMIRX_B_D0P
AP31,POWER,PWR,DVSS
AP32,HDMI,BI,HDMITX_CLKP
AP33,HDMI,BI,HDMITX_CLKN
AR1,DDR1,BI,DDR1_AC_10
AR2,DDR1,BI,DDR1_AC_7
AR3,DDR1,BI,DDR1_AC_26
AR4,DDR1,BI,DDR1_DQ7
AR6,DDR1,BI,DDR1_DQM0
AR7,DDR1,BI,DDR1_DQ12
AR8,DDR1,BI,DDR1_DQ9
AR9,DDR1,BI,DDR1_DQ10
AR10,POWER,PWR,DVSS
AR11,OTHER,BI,VX1_B_6P
AR12,OTHER,BI,VX1_B_5P
AR13,POWER,PWR,DVSS
AR14,OTHER,BI,VX1_B_1N
AR15,OTHER,BI,VX1_A_7N
AR16,POWER,PWR,DVSS
AR17,OTHER,BI,VX1_A_3N
AR18,OTHER,BI,VX1_A_1N
AR19,POWER,PWR,DVSS
AR20,GPIO,BI,GPIOY_8
AR21,GPIO,BI,GPIOY_9
AR22,POWER,PWR,DVSS
AR23,GPIO,BI,GPIOB_4
AR24,GPIO,BI,GPIOB_6
AR25,POWER,PWR,DVSS
AR26,GPIO,BI,GPIOB_9
AR27,HDMI,BI,HDMIRX_ARCTXP
AR28,HDMI,BI,HDMIRX_B_CLKN
AR30,HDMI,BI,HDMIRX_B_D1N
AR31,HDMI,BI,HDMIRX_B_D1P
AR32,HDMI,BI,HDMIRX_B_D2P
AR33,HDMI,BI,HDMIRX_A_D2P
AT1,DDR1,BI,DDR1_AC_11
AT2,DDR1,BI,DDR1_AC_14
AT3,POWER,PWR,DVSS
AT4,DDR1,BI,DDR1_DQ6
AT5,DDR1,BI,DDR1_DQ4
AT6,DDR1,BI,DDR1_DQSN0
AT7,DDR1,BI,DDR1_DQSP1
AT8,DDR1,BI,DDR1_DQSN1
AT9,POWER,PWR,DVSS
AT10,DDR1,BI,DDR1_DQ11
AT11,DDR1,BI,DDR1_DQ15
AT12,POWER,PWR,DVSS
AT13,OTHER,BI,VX1_B_3N
AT14,OTHER,BI,VX1_B_2P
AT15,OTHER,BI,VX1_B_2N
AT16,OTHER,BI,VX1_A_6P
AT17,OTHER,BI,VX1_A_6N
AT18,OTHER,BI,VX1_A_4P
AT19,OTHER,BI,VX1_A_2P
AT20,POWER,PWR,DVSS
AT21,GPIO,BI,GPIOY_5
AT22,GPIO,BI,GPIOY_7
AT23,GPIO,BI,GPIOY_11
AT24,GPIO,BI,GPIOY_12
AT25,GPIO,BI,GPIOY_13
AT26,GPIO,BI,GPIOY_14
AT27,GPIO,BI,GPIOY_18
AT28,POWER,PWR,DVSS
AT29,HDMI,BI,HDMIRX_A_D0N
AT30,HDMI,BI,HDMIRX_A_D0P
AT31,POWER,PWR,DVSS
AT32,HDMI,BI,HDMIRX_B_D2N
AT33,HDMI,BI,HDMIRX_A_D2N
AU1,POWER,PWR,DVSS
AU2,DDR1,BI,DDR1_DQ0
AU3,DDR1,BI,DDR1_DQ5
AU5,POWER,PWR,DVSS
AU6,DDR1,BI,DDR1_DQSP0
AU7,POWER,PWR,DVSS
AU9,DDR1,BI,DDR1_DQ8
AU10,POWER,PWR,DVSS
AU12,OTHER,BI,DIF_REXT
AU13,OTHER,BI,VX1_B_3P
AU15,OTHER,BI,VX1_B_0P
AU16,OTHER,BI,VX1_B_0N
AU18,OTHER,BI,VX1_A_4N
AU19,OTHER,BI,VX1_A_2N
AU21,GPIO,BI,GPIOY_6
AU22,GPIO,BI,GPIOY_10
AU24,GPIO,BI,GPIOY_16
AU25,GPIO,BI,GPIOY_15
AU27,GPIO,BI,GPIOY_17
AU28,HDMI,BI,HDMIRX_A_CLKN
AU29,HDMI,BI,HDMIRX_A_CLKP
AU31,HDMI,BI,HDMIRX_A_D1N
AU32,HDMI,BI,HDMIRX_A_D1P
AU33,POWER,PWR,DVSS