LGA-1151-2,,,,
Pin,Unit,Type,Name,Side
V3,UNIT_A,INPUT,PROC_AUDIO_CLK,LEFT
V2,UNIT_A,INPUT,PROC_AUDIO_SDI,LEFT
U1,UNIT_A,OUTPUT,PROC_AUDIO_SDO,LEFT
W4,UNIT_A,INPUT,BCLKN,LEFT
W5,UNIT_A,INPUT,BCLKP,LEFT
D13,UNIT_A,OUTPUT,CATERR#,LEFT
J9,UNIT_A,INPUT,CLK24N,LEFT
K9,UNIT_A,INPUT,CLK24P,LEFT
G8,PWR,PWR,VSS,RIGHT
AY3,PWR,PWR,VSS,RIGHT
F11,UNIT_A,INPUT,PROC_TCK,RIGHT
G12,UNIT_A,INPUT,PROC_TDI,RIGHT
H13,UNIT_A,INPUT,PROC_TDO,RIGHT
F13,UNIT_A,INPUT,PROC_TMS,RIGHT
F12,UNIT_A,INPUT,PROC_TRST#,RIGHT
D1,UNIT_A,INPUT,PROC_TRIGIN,RIGHT
B3,UNIT_A,INPUT,PROC_TRIGOUT,RIGHT
F8,UNIT_A,INPUT,PROCPWRGD,RIGHT
C13,UNIT_B,OUTPUT,DDI1_AUXN,LEFT
B13,UNIT_B,OUTPUT,DDI1_AUXP,LEFT
D21,UNIT_B,OUTPUT,DDI1_TXN[0],LEFT
E22,UNIT_B,OUTPUT,DDI1_TXN[1],LEFT
A23,UNIT_B,OUTPUT,DDI1_TXN[2],LEFT
D23,UNIT_B,OUTPUT,DDI1_TXN[3],LEFT
C21,UNIT_B,OUTPUT,DDI1_TXP[0],LEFT
D22,UNIT_B,OUTPUT,DDI1_TXP[1],LEFT
B23,UNIT_B,OUTPUT,DDI1_TXP[2],LEFT
C23,UNIT_B,OUTPUT,DDI1_TXP[3],LEFT
B12,UNIT_B,OUTPUT,DDI2_AUXN,LEFT
A12,UNIT_B,OUTPUT,DDI2_AUXP,LEFT
A18,UNIT_B,OUTPUT,DDI2_TXN[0],LEFT
E18,UNIT_B,OUTPUT,DDI2_TXN[1],LEFT
D19,UNIT_B,OUTPUT,DDI2_TXN[2],LEFT
E20,UNIT_B,OUTPUT,DDI2_TXN[3],LEFT
B18,UNIT_B,OUTPUT,DDI2_TXP[0],LEFT
D18,UNIT_B,OUTPUT,DDI2_TXP[1],LEFT
C19,UNIT_B,OUTPUT,DDI2_TXP[2],LEFT
D20,UNIT_B,OUTPUT,DDI2_TXP[3],LEFT
C11,UNIT_B,OUTPUT,DDI3_AUXN,LEFT
B11,UNIT_B,OUTPUT,DDI3_AUXP,LEFT
A14,UNIT_B,OUTPUT,DDI3_TXN[0],LEFT
B15,UNIT_B,OUTPUT,DDI3_TXN[1],LEFT
A16,UNIT_B,OUTPUT,DDI3_TXN[2],LEFT
B17,UNIT_B,OUTPUT,DDI3_TXN[3],LEFT
B14,UNIT_B,OUTPUT,DDI3_TXP[0],LEFT
C15,UNIT_B,OUTPUT,DDI3_TXP[1],LEFT
B16,UNIT_B,OUTPUT,DDI3_TXP[2],LEFT
C17,UNIT_B,OUTPUT,DDI3_TXP[3],LEFT
Y4,UNIT_B,INPUT,DMI_RXN[0],RIGHT
AA5,UNIT_B,INPUT,DMI_RXN[1],RIGHT
AB3,UNIT_B,INPUT,DMI_RXN[2],RIGHT
AC5,UNIT_B,INPUT,DMI_RXN[3],RIGHT
Y3,UNIT_B,INPUT,DMI_RXP[0],RIGHT
AA4,UNIT_B,INPUT,DMI_RXP[1],RIGHT
AB4,UNIT_B,INPUT,DMI_RXP[2],RIGHT
AC4,UNIT_B,INPUT,DMI_RXP[3],RIGHT
AC1,UNIT_B,OUTPUT,DMI_TXN[0],RIGHT
AD2,UNIT_B,OUTPUT,DMI_TXN[1],RIGHT
AE1,UNIT_B,OUTPUT,DMI_TXN[2],RIGHT
AF3,UNIT_B,OUTPUT,DMI_TXN[3],RIGHT
AC2,UNIT_B,OUTPUT,DMI_TXP[0],RIGHT
AD3,UNIT_B,OUTPUT,DMI_TXP[1],RIGHT
AE2,UNIT_B,OUTPUT,DMI_TXP[2],RIGHT
AF2,UNIT_B,OUTPUT,DMI_TXP[3],RIGHT
M9,PWR,NC,DISP_RCOMP,RIGHT
E12,UNIT_C,OUTPUT,EDP_AUXN,LEFT
D12,UNIT_C,OUTPUT,EDP_AUXP,LEFT
D14,UNIT_C,OUTPUT,EDP_DISP_UTIL,LEFT
D10,UNIT_C,OUTPUT,EDP_TXN[0],LEFT
C9,UNIT_C,OUTPUT,EDP_TXN[1],LEFT
H10,UNIT_C,OUTPUT,EDP_TXN[2],LEFT
G9,UNIT_C,OUTPUT,EDP_TXN[3],LEFT
E10,UNIT_C,OUTPUT,EDP_TXP[0],LEFT
D9,UNIT_C,OUTPUT,EDP_TXP[1],LEFT
G10,UNIT_C,OUTPUT,EDP_TXP[2],LEFT
F9,UNIT_C,OUTPUT,EDP_TXP[3],LEFT
H8,PWR,NC,RSVD,RIGHT
K10,PWR,NC,RSVD,RIGHT
L10,PWR,NC,RSVD,RIGHT
K12,PWR,NC,RSVD,RIGHT
L12,PWR,NC,RSVD,RIGHT
J13,PWR,NC,RSVD,RIGHT
K13,PWR,NC,RSVD,RIGHT
J11,PWR,NC,RSVD,RIGHT
D16,UNIT_C,I/O,BPM#[0],RIGHT
D17,UNIT_C,I/O,BPM#[1],RIGHT
G14,UNIT_C,I/O,BPM#[2],RIGHT
H14,UNIT_C,I/O,BPM#[3],RIGHT
H15,UNIT_C,INPUT,CFG[0],RIGHT
F15,UNIT_C,INPUT,CFG[1],RIGHT
F17,UNIT_C,INPUT,CFG[10],RIGHT
H17,UNIT_C,INPUT,CFG[11],RIGHT
G20,UNIT_C,INPUT,CFG[12],RIGHT
F20,UNIT_C,INPUT,CFG[13],RIGHT
F21,UNIT_C,INPUT,CFG[14],RIGHT
H19,UNIT_C,INPUT,CFG[15],RIGHT
F16,UNIT_C,INPUT,CFG[2],RIGHT
H16,UNIT_C,INPUT,CFG[3],RIGHT
F19,UNIT_C,INPUT,CFG[4],RIGHT
H18,UNIT_C,INPUT,CFG[5],RIGHT
G21,UNIT_C,INPUT,CFG[6],RIGHT
H20,UNIT_C,INPUT,CFG[7],RIGHT
G16,UNIT_C,INPUT,CFG[8],RIGHT
E16,UNIT_C,INPUT,CFG[9],RIGHT
M11,PWR,NC,CFG_RCOMP,RIGHT
E14,UNIT_C,INPUT,CFG[16],RIGHT
G18,UNIT_C,INPUT,CFG[18],RIGHT
F14,UNIT_C,INPUT,CFG[17],RIGHT
F18,UNIT_C,INPUT,CFG[19],RIGHT
W2,UNIT_D,INPUT,PCI_BCLKN,LEFT
W1,UNIT_D,INPUT,PCI_BCLKP,LEFT
G7,UNIT_D,I/O,PECI,LEFT
L7,PWR,NC,PEG_RCOMP,RIGHT
B7,UNIT_D,INPUT,PEG_RXN[0],RIGHT
C6,UNIT_D,INPUT,PEG_RXN[1],RIGHT
M5,UNIT_D,INPUT,PEG_RXN[10],RIGHT
N4,UNIT_D,INPUT,PEG_RXN[11],RIGHT
P5,UNIT_D,INPUT,PEG_RXN[12],RIGHT
R4,UNIT_D,INPUT,PEG_RXN[13],RIGHT
T5,UNIT_D,INPUT,PEG_RXN[14],RIGHT
U4,UNIT_D,INPUT,PEG_RXN[15],RIGHT
D5,UNIT_D,INPUT,PEG_RXN[2],RIGHT
E4,UNIT_D,INPUT,PEG_RXN[3],RIGHT
F5,UNIT_D,INPUT,PEG_RXN[4],RIGHT
G4,UNIT_D,INPUT,PEG_RXN[5],RIGHT
H5,UNIT_D,INPUT,PEG_RXN[6],RIGHT
J4,UNIT_D,INPUT,PEG_RXN[7],RIGHT
K5,UNIT_D,INPUT,PEG_RXN[8],RIGHT
L4,UNIT_D,INPUT,PEG_RXN[9],RIGHT
B8,UNIT_D,INPUT,PEG_RXP[0],RIGHT
C7,UNIT_D,INPUT,PEG_RXP[1],RIGHT
M6,UNIT_D,INPUT,PEG_RXP[10],RIGHT
N5,UNIT_D,INPUT,PEG_RXP[11],RIGHT
P6,UNIT_D,INPUT,PEG_RXP[12],RIGHT
R5,UNIT_D,INPUT,PEG_RXP[13],RIGHT
T6,UNIT_D,INPUT,PEG_RXP[14],RIGHT
U5,UNIT_D,INPUT,PEG_RXP[15],RIGHT
D6,UNIT_D,INPUT,PEG_RXP[2],RIGHT
E5,UNIT_D,INPUT,PEG_RXP[3],RIGHT
F6,UNIT_D,INPUT,PEG_RXP[4],RIGHT
G5,UNIT_D,INPUT,PEG_RXP[5],RIGHT
H6,UNIT_D,INPUT,PEG_RXP[6],RIGHT
J5,UNIT_D,INPUT,PEG_RXP[7],RIGHT
K6,UNIT_D,INPUT,PEG_RXP[8],RIGHT
L5,UNIT_D,INPUT,PEG_RXP[9],RIGHT
A6,UNIT_D,OUTPUT,PEG_TXN[0],RIGHT
B5,UNIT_D,OUTPUT,PEG_TXN[1],RIGHT
L2,UNIT_D,OUTPUT,PEG_TXN[10],RIGHT
M3,UNIT_D,OUTPUT,PEG_TXN[11],RIGHT
N2,UNIT_D,OUTPUT,PEG_TXN[12],RIGHT
P3,UNIT_D,OUTPUT,PEG_TXN[13],RIGHT
R1,UNIT_D,OUTPUT,PEG_TXN[14],RIGHT
T3,UNIT_D,OUTPUT,PEG_TXN[15],RIGHT
C4,UNIT_D,OUTPUT,PEG_TXN[2],RIGHT
D3,UNIT_D,OUTPUT,PEG_TXN[3],RIGHT
E2,UNIT_D,OUTPUT,PEG_TXN[4],RIGHT
F3,UNIT_D,OUTPUT,PEG_TXN[5],RIGHT
G2,UNIT_D,OUTPUT,PEG_TXN[6],RIGHT
H3,UNIT_D,OUTPUT,PEG_TXN[7],RIGHT
J2,UNIT_D,OUTPUT,PEG_TXN[8],RIGHT
K3,UNIT_D,OUTPUT,PEG_TXN[9],RIGHT
A5,UNIT_D,OUTPUT,PEG_TXP[0],RIGHT
B4,UNIT_D,OUTPUT,PEG_TXP[1],RIGHT
L1,UNIT_D,OUTPUT,PEG_TXP[10],RIGHT
M2,UNIT_D,OUTPUT,PEG_TXP[11],RIGHT
N1,UNIT_D,OUTPUT,PEG_TXP[12],RIGHT
P2,UNIT_D,OUTPUT,PEG_TXP[13],RIGHT
R2,UNIT_D,OUTPUT,PEG_TXP[14],RIGHT
T2,UNIT_D,OUTPUT,PEG_TXP[15],RIGHT
C3,UNIT_D,OUTPUT,PEG_TXP[2],RIGHT
D2,UNIT_D,OUTPUT,PEG_TXP[3],RIGHT
E1,UNIT_D,OUTPUT,PEG_TXP[4],RIGHT
F2,UNIT_D,OUTPUT,PEG_TXP[5],RIGHT
G1,UNIT_D,OUTPUT,PEG_TXP[6],RIGHT
H2,UNIT_D,OUTPUT,PEG_TXP[7],RIGHT
J1,UNIT_D,OUTPUT,PEG_TXP[8],RIGHT
K2,UNIT_D,OUTPUT,PEG_TXP[9],RIGHT
J8,PWR,NC,RSVD_TP,RIGHT
J7,PWR,NC,RSVD_TP,RIGHT
L8,PWR,NC,IST_TRIG,RIGHT
K8,PWR,NC,RSVD_TP,RIGHT
D8,UNIT_D,OUTPUT,PM_DOWN,LEFT
E8,UNIT_D,INPUT,PM_SYNC,LEFT
B10,UNIT_D,OUTPUT,PROC_PRDY#,LEFT
B9,UNIT_D,INPUT,PROC_PREQ#,LEFT
C39,UNIT_D,I/O,PROCHOT#,LEFT
E7,UNIT_D,INPUT,RESET#,LEFT
AB35,PWR,NC,RSVD,RIGHT
AB37,PWR,NC,RSVD,RIGHT
AB38,PWR,NC,RSVD,RIGHT
AC37,PWR,NC,RSVD,RIGHT
AJ22,PWR,NC,RSVD,RIGHT
D15,PWR,NC,RSVD,RIGHT
K11,PWR,NC,RSVD,RIGHT
AB36,PWR,NC,PROC_SELECT#,RIGHT
AC38,PWR,NC,SKTOCC#,RIGHT
J15,PWR,NC,RSVD,RIGHT
AU9,PWR,NC,RSVD,RIGHT
J14,PWR,NC,RSVD,RIGHT
AU10,PWR,NC,RSVD,RIGHT
D11,UNIT_D,OUTPUT,THERMTRIP#,RIGHT
A25,PWR,PWR,VCC,LEFT
A26,PWR,PWR,VCC,LEFT
A27,PWR,PWR,VCC,LEFT
A28,PWR,PWR,VCC,LEFT
A29,PWR,PWR,VCC,LEFT
A30,PWR,PWR,VCC,LEFT
AJ11,PWR,PWR,VCC,LEFT
AJ12,PWR,PWR,VCC,LEFT
AJ13,PWR,PWR,VCC,LEFT
AJ14,PWR,PWR,VCC,LEFT
AJ15,PWR,PWR,VCC,LEFT
AJ16,PWR,PWR,VCC,LEFT
AJ17,PWR,PWR,VCC,LEFT
AJ18,PWR,PWR,VCC,LEFT
AJ19,PWR,PWR,VCC,LEFT
AJ20,PWR,PWR,VCC,LEFT
AJ21,PWR,PWR,VCC,LEFT
AJ25,PWR,PWR,VCC,LEFT
AJ26,PWR,PWR,VCC,LEFT
AJ27,PWR,PWR,VCC,LEFT
AJ28,PWR,PWR,VCC,LEFT
AJ29,PWR,PWR,VCC,LEFT
AK21,PWR,PWR,VCC,LEFT
B25,PWR,PWR,VCC,LEFT
B27,PWR,PWR,VCC,LEFT
B29,PWR,PWR,VCC,LEFT
B31,PWR,PWR,VCC,LEFT
B32,PWR,PWR,VCC,LEFT
B33,PWR,PWR,VCC,LEFT
B34,PWR,PWR,VCC,LEFT
B35,PWR,PWR,VCC,LEFT
B36,PWR,PWR,VCC,LEFT
B37,PWR,PWR,VCC,LEFT
C25,PWR,PWR,VCC,LEFT
C26,PWR,PWR,VCC,LEFT
C27,PWR,PWR,VCC,LEFT
C28,PWR,PWR,VCC,LEFT
C29,PWR,PWR,VCC,LEFT
C30,PWR,PWR,VCC,LEFT
C32,PWR,PWR,VCC,LEFT
C34,PWR,PWR,VCC,LEFT
C36,PWR,PWR,VCC,LEFT
D25,PWR,PWR,VCC,LEFT
D27,PWR,PWR,VCC,LEFT
D29,PWR,PWR,VCC,LEFT
D31,PWR,PWR,VCC,LEFT
D32,PWR,PWR,VCC,LEFT
D33,PWR,PWR,VCC,LEFT
D34,PWR,PWR,VCC,LEFT
D35,PWR,PWR,VCC,LEFT
D36,PWR,PWR,VCC,LEFT
E24,PWR,PWR,VCC,LEFT
E25,PWR,PWR,VCC,LEFT
E26,PWR,PWR,VCC,LEFT
E27,PWR,PWR,VCC,LEFT
E28,PWR,PWR,VCC,LEFT
E29,PWR,PWR,VCC,LEFT
E30,PWR,PWR,VCC,LEFT
E32,PWR,PWR,VCC,LEFT
E34,PWR,PWR,VCC,LEFT
E36,PWR,PWR,VCC,LEFT
F23,PWR,PWR,VCC,LEFT
F24,PWR,PWR,VCC,LEFT
F25,PWR,PWR,VCC,LEFT
F27,PWR,PWR,VCC,LEFT
F29,PWR,PWR,VCC,LEFT
F31,PWR,PWR,VCC,LEFT
F32,PWR,PWR,VCC,LEFT
F33,PWR,PWR,VCC,LEFT
F34,PWR,PWR,VCC,LEFT
F35,PWR,PWR,VCC,LEFT
F37,PWR,PWR,VCC,LEFT
G23,PWR,PWR,VCC,LEFT
G24,PWR,PWR,VCC,LEFT
G25,PWR,PWR,VCC,LEFT
G26,PWR,PWR,VCC,LEFT
G27,PWR,PWR,VCC,LEFT
G28,PWR,PWR,VCC,LEFT
G29,PWR,PWR,VCC,LEFT
G30,PWR,PWR,VCC,LEFT
G32,PWR,PWR,VCC,LEFT
G34,PWR,PWR,VCC,LEFT
G35,PWR,PWR,VCC,LEFT
H22,PWR,PWR,VCC,LEFT
H23,PWR,PWR,VCC,LEFT
H25,PWR,PWR,VCC,LEFT
H27,PWR,PWR,VCC,LEFT
H29,PWR,PWR,VCC,LEFT
H31,PWR,PWR,VCC,LEFT
H32,PWR,PWR,VCC,LEFT
H33,PWR,PWR,VCC,LEFT
H34,PWR,PWR,VCC,LEFT
J21,PWR,PWR,VCC,LEFT
J22,PWR,PWR,VCC,LEFT
J23,PWR,PWR,VCC,LEFT
J24,PWR,PWR,VCC,LEFT
J25,PWR,PWR,VCC,LEFT
J26,PWR,PWR,VCC,LEFT
J27,PWR,PWR,VCC,LEFT
J28,PWR,PWR,VCC,LEFT
J29,PWR,PWR,VCC,LEFT
J30,PWR,PWR,VCC,LEFT
J31,PWR,PWR,VCC,LEFT
J33,PWR,PWR,VCC,LEFT
J35,PWR,PWR,VCC,LEFT
K16,PWR,PWR,VCC,LEFT
K18,PWR,PWR,VCC,LEFT
K20,PWR,PWR,VCC,LEFT
K21,PWR,PWR,VCC,LEFT
K23,PWR,PWR,VCC,LEFT
K25,PWR,PWR,VCC,LEFT
K27,PWR,PWR,VCC,LEFT
K29,PWR,PWR,VCC,LEFT
K31,PWR,PWR,VCC,LEFT
K32,PWR,PWR,VCC,LEFT
K34,PWR,PWR,VCC,LEFT
L14,PWR,PWR,VCC,LEFT
L15,PWR,PWR,VCC,LEFT
L16,PWR,PWR,VCC,LEFT
L17,PWR,PWR,VCC,LEFT
L18,PWR,PWR,VCC,LEFT
L19,PWR,PWR,VCC,LEFT
L20,PWR,PWR,VCC,LEFT
L21,PWR,PWR,VCC,LEFT
L22,PWR,PWR,VCC,LEFT
L23,PWR,PWR,VCC,LEFT
L24,PWR,PWR,VCC,LEFT
L25,PWR,PWR,VCC,LEFT
L26,PWR,PWR,VCC,LEFT
L27,PWR,PWR,VCC,LEFT
L28,PWR,PWR,VCC,LEFT
L29,PWR,PWR,VCC,LEFT
L30,PWR,PWR,VCC,LEFT
L31,PWR,PWR,VCC,LEFT
L33,PWR,PWR,VCC,LEFT
M13,PWR,PWR,VCC,LEFT
M14,PWR,PWR,VCC,LEFT
M16,PWR,PWR,VCC,LEFT
M18,PWR,PWR,VCC,LEFT
M20,PWR,PWR,VCC,LEFT
M22,PWR,PWR,VCC,LEFT
M24,PWR,PWR,VCC,LEFT
M26,PWR,PWR,VCC,LEFT
M28,PWR,PWR,VCC,LEFT
M30,PWR,PWR,VCC,LEFT
M32,PWR,PWR,VCC,LEFT
C38,PWR,PWR,VCC_SENSE,LEFT
J17,PWR,NC,RSVD,RIGHT
B39,PWR,NC,RSVD,RIGHT
C40,PWR,NC,RSVD,RIGHT
J19,PWR,NC,RSVD,RIGHT
AT18,PWR,PWR,VDDQ,LEFT
AT21,PWR,PWR,VDDQ,LEFT
AU13,PWR,PWR,VDDQ,LEFT
AU15,PWR,PWR,VDDQ,LEFT
AU19,PWR,PWR,VDDQ,LEFT
AU23,PWR,PWR,VDDQ,LEFT
AV11,PWR,PWR,VDDQ,LEFT
AV17,PWR,PWR,VDDQ,LEFT
AV21,PWR,PWR,VDDQ,LEFT
AW10,PWR,PWR,VDDQ,LEFT
AW14,PWR,PWR,VDDQ,LEFT
AW25,PWR,PWR,VDDQ,LEFT
AY12,PWR,PWR,VDDQ,LEFT
AY16,PWR,PWR,VDDQ,LEFT
AY18,PWR,PWR,VDDQ,LEFT
AY23,PWR,PWR,VDDQ,LEFT
V6,PWR,PWR,VCCST,LEFT
AA34,PWR,PWR,VCCGT,LEFT
AA35,PWR,PWR,VCCGT,LEFT
AA36,PWR,PWR,VCCGT,LEFT
AA37,PWR,PWR,VCCGT,LEFT
AA38,PWR,PWR,VCCGT,LEFT
AB33,PWR,PWR,VCCGT,LEFT
AB34,PWR,PWR,VCCGT,LEFT
G36,PWR,PWR,VCCGT,LEFT
G37,PWR,PWR,VCCGT,LEFT
G38,PWR,PWR,VCCGT,LEFT
G39,PWR,PWR,VCCGT,LEFT
G40,PWR,PWR,VCCGT,LEFT
H36,PWR,PWR,VCCGT,LEFT
H38,PWR,PWR,VCCGT,LEFT
H40,PWR,PWR,VCCGT,LEFT
J36,PWR,PWR,VCCGT,LEFT
J37,PWR,PWR,VCCGT,LEFT
J38,PWR,PWR,VCCGT,LEFT
J39,PWR,PWR,VCCGT,LEFT
J40,PWR,PWR,VCCGT,LEFT
K36,PWR,PWR,VCCGT,LEFT
K38,PWR,PWR,VCCGT,LEFT
K40,PWR,PWR,VCCGT,LEFT
L34,PWR,PWR,VCCGT,LEFT
L35,PWR,PWR,VCCGT,LEFT
L36,PWR,PWR,VCCGT,LEFT
L37,PWR,PWR,VCCGT,LEFT
L38,PWR,PWR,VCCGT,LEFT
L39,PWR,PWR,VCCGT,LEFT
L40,PWR,PWR,VCCGT,LEFT
M33,PWR,PWR,VCCGT,LEFT
M34,PWR,PWR,VCCGT,LEFT
M36,PWR,PWR,VCCGT,LEFT
M38,PWR,PWR,VCCGT,LEFT
M40,PWR,PWR,VCCGT,LEFT
N34,PWR,PWR,VCCGT,LEFT
N35,PWR,PWR,VCCGT,LEFT
N36,PWR,PWR,VCCGT,LEFT
N37,PWR,PWR,VCCGT,LEFT
N38,PWR,PWR,VCCGT,LEFT
N39,PWR,PWR,VCCGT,LEFT
N40,PWR,PWR,VCCGT,LEFT
P33,PWR,PWR,VCCGT,LEFT
P34,PWR,PWR,VCCGT,LEFT
P36,PWR,PWR,VCCGT,LEFT
P38,PWR,PWR,VCCGT,LEFT
P40,PWR,PWR,VCCGT,LEFT
R34,PWR,PWR,VCCGT,LEFT
R35,PWR,PWR,VCCGT,LEFT
R36,PWR,PWR,VCCGT,LEFT
R37,PWR,PWR,VCCGT,LEFT
R38,PWR,PWR,VCCGT,LEFT
R39,PWR,PWR,VCCGT,LEFT
R40,PWR,PWR,VCCGT,LEFT
T33,PWR,PWR,VCCGT,LEFT
T34,PWR,PWR,VCCGT,LEFT
T36,PWR,PWR,VCCGT,LEFT
T38,PWR,PWR,VCCGT,LEFT
T40,PWR,PWR,VCCGT,LEFT
U34,PWR,PWR,VCCGT,LEFT
U35,PWR,PWR,VCCGT,LEFT
U36,PWR,PWR,VCCGT,LEFT
U37,PWR,PWR,VCCGT,LEFT
U38,PWR,PWR,VCCGT,LEFT
U39,PWR,PWR,VCCGT,LEFT
U40,PWR,PWR,VCCGT,LEFT
V33,PWR,PWR,VCCGT,LEFT
V34,PWR,PWR,VCCGT,LEFT
V36,PWR,PWR,VCCGT,LEFT
V38,PWR,PWR,VCCGT,LEFT
V40,PWR,PWR,VCCGT,LEFT
W34,PWR,PWR,VCCGT,LEFT
W35,PWR,PWR,VCCGT,LEFT
W36,PWR,PWR,VCCGT,LEFT
W37,PWR,PWR,VCCGT,LEFT
W38,PWR,PWR,VCCGT,LEFT
Y33,PWR,PWR,VCCGT,LEFT
Y34,PWR,PWR,VCCGT,LEFT
Y36,PWR,PWR,VCCGT,LEFT
Y38,PWR,PWR,VCCGT,LEFT
F39,PWR,PWR,VCCGT_SENSE,LEFT
AJ23,PWR,PWR,VCCIO,LEFT
AK11,PWR,PWR,VCCIO,LEFT
AK14,PWR,PWR,VCCIO,LEFT
AK24,PWR,PWR,VCCIO,LEFT
M8,PWR,PWR,VCCIO,LEFT
P8,PWR,PWR,VCCIO,LEFT
T8,PWR,PWR,VCCIO,LEFT
U8,PWR,PWR,VCCIO,LEFT
W8,PWR,PWR,VCCIO,LEFT
AF4,PWR,PWR,VCCIO_SENSE,LEFT
AA6,PWR,PWR,VCCSA,LEFT
AA7,PWR,PWR,VCCSA,LEFT
AB6,PWR,PWR,VCCSA,LEFT
AB7,PWR,PWR,VCCSA,LEFT
AB8,PWR,PWR,VCCSA,LEFT
AC7,PWR,PWR,VCCSA,LEFT
AC8,PWR,PWR,VCCSA,LEFT
N7,PWR,PWR,VCCSA,LEFT
P7,PWR,PWR,VCCSA,LEFT
R7,PWR,PWR,VCCSA,LEFT
T7,PWR,PWR,VCCSA,LEFT
U7,PWR,PWR,VCCSA,LEFT
V7,PWR,PWR,VCCSA,LEFT
W7,PWR,PWR,VCCSA,LEFT
Y6,PWR,PWR,VCCSA,LEFT
Y7,PWR,PWR,VCCSA,LEFT
Y8,PWR,PWR,VCCSA,LEFT
AD5,PWR,PWR,VCCSA_SENSE,LEFT
V4,PWR,PWR,VCCPLL,LEFT
AJ9,PWR,PWR,VCCPLL_OC,LEFT
V5,PWR,PWR,VCCST,LEFT
U2,PWR,INPUT,VCCST_PWRGD,LEFT
E39,PWR,INPUT,VIDALERT#,LEFT
E38,PWR,OUTPUT,VIDSCK,LEFT
E40,PWR,I/O,VIDSOUT,LEFT
A11,PWR,PWR,VSS,RIGHT
A13,PWR,PWR,VSS,RIGHT
A15,PWR,PWR,VSS,RIGHT
A17,PWR,PWR,VSS,RIGHT
A24,PWR,PWR,VSS,RIGHT
A7,PWR,PWR,VSS,RIGHT
AA3,PWR,PWR,VSS,RIGHT
AA33,PWR,PWR,VSS,RIGHT
AA8,PWR,PWR,VSS,RIGHT
AB39,PWR,PWR,VSS,RIGHT
AB5,PWR,PWR,VSS,RIGHT
AC3,PWR,PWR,VSS,RIGHT
AC33,PWR,PWR,VSS,RIGHT
AC34,PWR,PWR,VSS,RIGHT
AC35,PWR,PWR,VSS,RIGHT
AC6,PWR,PWR,VSS,RIGHT
AD1,PWR,PWR,VSS,RIGHT
AD33,PWR,PWR,VSS,RIGHT
AD36,PWR,PWR,VSS,RIGHT
AD37,PWR,PWR,VSS,RIGHT
AD38,PWR,PWR,VSS,RIGHT
AD39,PWR,PWR,VSS,RIGHT
AD4,PWR,PWR,VSS,RIGHT
AD40,PWR,PWR,VSS,RIGHT
AD6,PWR,PWR,VSS,RIGHT
AD7,PWR,PWR,VSS,RIGHT
AD8,PWR,PWR,VSS,RIGHT
AE3,PWR,PWR,VSS,RIGHT
AE33,PWR,PWR,VSS,RIGHT
AE36,PWR,PWR,VSS,RIGHT
AE5,PWR,PWR,VSS,RIGHT
AE8,PWR,PWR,VSS,RIGHT
AF1,PWR,PWR,VSS,RIGHT
AF33,PWR,PWR,VSS,RIGHT
AF36,PWR,PWR,VSS,RIGHT
AF37,PWR,PWR,VSS,RIGHT
AF40,PWR,PWR,VSS,RIGHT
AF5,PWR,PWR,VSS,RIGHT
AF8,PWR,PWR,VSS,RIGHT
AG1,PWR,PWR,VSS,RIGHT
AG2,PWR,PWR,VSS,RIGHT
AG3,PWR,PWR,VSS,RIGHT
AG33,PWR,PWR,VSS,RIGHT
AG36,PWR,PWR,VSS,RIGHT
AG4,PWR,PWR,VSS,RIGHT
AG5,PWR,PWR,VSS,RIGHT
AG8,PWR,PWR,VSS,RIGHT
AH33,PWR,PWR,VSS,RIGHT
AH36,PWR,PWR,VSS,RIGHT
AH37,PWR,PWR,VSS,RIGHT
AH38,PWR,PWR,VSS,RIGHT
AH39,PWR,PWR,VSS,RIGHT
AH40,PWR,PWR,VSS,RIGHT
AH5,PWR,PWR,VSS,RIGHT
AH8,PWR,PWR,VSS,RIGHT
AJ1,PWR,PWR,VSS,RIGHT
AJ24,PWR,PWR,VSS,RIGHT
AJ30,PWR,PWR,VSS,RIGHT
AJ31,PWR,PWR,VSS,RIGHT
AJ32,PWR,PWR,VSS,RIGHT
AJ33,PWR,PWR,VSS,RIGHT
AJ34,PWR,PWR,VSS,RIGHT
AJ35,PWR,PWR,VSS,RIGHT
AJ36,PWR,PWR,VSS,RIGHT
AJ4,PWR,PWR,VSS,RIGHT
AJ5,PWR,PWR,VSS,RIGHT
AJ8,PWR,PWR,VSS,RIGHT
AK10,PWR,PWR,VSS,RIGHT
AK12,PWR,PWR,VSS,RIGHT
AK13,PWR,PWR,VSS,RIGHT
AK15,PWR,PWR,VSS,RIGHT
AK16,PWR,PWR,VSS,RIGHT
AK17,PWR,PWR,VSS,RIGHT
AK18,PWR,PWR,VSS,RIGHT
AK19,PWR,PWR,VSS,RIGHT
AK20,PWR,PWR,VSS,RIGHT
AK22,PWR,PWR,VSS,RIGHT
AK23,PWR,PWR,VSS,RIGHT
AK25,PWR,PWR,VSS,RIGHT
AK26,PWR,PWR,VSS,RIGHT
AK27,PWR,PWR,VSS,RIGHT
AK28,PWR,PWR,VSS,RIGHT
AK29,PWR,PWR,VSS,RIGHT
AK30,PWR,PWR,VSS,RIGHT
AK36,PWR,PWR,VSS,RIGHT
AK37,PWR,PWR,VSS,RIGHT
AK40,PWR,PWR,VSS,RIGHT
AK5,PWR,PWR,VSS,RIGHT
AK6,PWR,PWR,VSS,RIGHT
AK7,PWR,PWR,VSS,RIGHT
AK8,PWR,PWR,VSS,RIGHT
AK9,PWR,PWR,VSS,RIGHT
AL1,PWR,PWR,VSS,RIGHT
AL11,PWR,PWR,VSS,RIGHT
AL14,PWR,PWR,VSS,RIGHT
AL2,PWR,PWR,VSS,RIGHT
AL21,PWR,PWR,VSS,RIGHT
AL24,PWR,PWR,VSS,RIGHT
AL27,PWR,PWR,VSS,RIGHT
AL3,PWR,PWR,VSS,RIGHT
AL30,PWR,PWR,VSS,RIGHT
AL36,PWR,PWR,VSS,RIGHT
AL4,PWR,PWR,VSS,RIGHT
AL5,PWR,PWR,VSS,RIGHT
AM11,PWR,PWR,VSS,RIGHT
AM14,PWR,PWR,VSS,RIGHT
AM17,PWR,PWR,VSS,RIGHT
AM19,PWR,PWR,VSS,RIGHT
AM24,PWR,PWR,VSS,RIGHT
AM27,PWR,PWR,VSS,RIGHT
AM30,PWR,PWR,VSS,RIGHT
AM31,PWR,PWR,VSS,RIGHT
AM32,PWR,PWR,VSS,RIGHT
AM33,PWR,PWR,VSS,RIGHT
AM34,PWR,PWR,VSS,RIGHT
AM35,PWR,PWR,VSS,RIGHT
AM36,PWR,PWR,VSS,RIGHT
AM37,PWR,PWR,VSS,RIGHT
AM38,PWR,PWR,VSS,RIGHT
AM39,PWR,PWR,VSS,RIGHT
AM40,PWR,PWR,VSS,RIGHT
AM5,PWR,PWR,VSS,RIGHT
AN1,PWR,PWR,VSS,RIGHT
AN10,PWR,PWR,VSS,RIGHT
AN11,PWR,PWR,VSS,RIGHT
AN14,PWR,PWR,VSS,RIGHT
AN16,PWR,PWR,VSS,RIGHT
AN19,PWR,PWR,VSS,RIGHT
AN22,PWR,PWR,VSS,RIGHT
AN23,PWR,PWR,VSS,RIGHT
AN24,PWR,PWR,VSS,RIGHT
AN27,PWR,PWR,VSS,RIGHT
AN30,PWR,PWR,VSS,RIGHT
AN36,PWR,PWR,VSS,RIGHT
AN4,PWR,PWR,VSS,RIGHT
AN5,PWR,PWR,VSS,RIGHT
AN6,PWR,PWR,VSS,RIGHT
AN7,PWR,PWR,VSS,RIGHT
AN8,PWR,PWR,VSS,RIGHT
AN9,PWR,PWR,VSS,RIGHT
AP11,PWR,PWR,VSS,RIGHT
AP14,PWR,PWR,VSS,RIGHT
AP24,PWR,PWR,VSS,RIGHT
AP27,PWR,PWR,VSS,RIGHT
AP30,PWR,PWR,VSS,RIGHT
AP36,PWR,PWR,VSS,RIGHT
AP37,PWR,PWR,VSS,RIGHT
AP40,PWR,PWR,VSS,RIGHT
AP5,PWR,PWR,VSS,RIGHT
AR1,PWR,PWR,VSS,RIGHT
AR11,PWR,PWR,VSS,RIGHT
AR14,PWR,PWR,VSS,RIGHT
AR16,PWR,PWR,VSS,RIGHT
AR17,PWR,PWR,VSS,RIGHT
AR18,PWR,PWR,VSS,RIGHT
AR19,PWR,PWR,VSS,RIGHT
AR2,PWR,PWR,VSS,RIGHT
AR20,PWR,PWR,VSS,RIGHT
AR21,PWR,PWR,VSS,RIGHT
AR22,PWR,PWR,VSS,RIGHT
AR23,PWR,PWR,VSS,RIGHT
AR24,PWR,PWR,VSS,RIGHT
AR27,PWR,PWR,VSS,RIGHT
AR3,PWR,PWR,VSS,RIGHT
AR30,PWR,PWR,VSS,RIGHT
AR31,PWR,PWR,VSS,RIGHT
AR32,PWR,PWR,VSS,RIGHT
AR33,PWR,PWR,VSS,RIGHT
AR34,PWR,PWR,VSS,RIGHT
AR35,PWR,PWR,VSS,RIGHT
AR36,PWR,PWR,VSS,RIGHT
AR4,PWR,PWR,VSS,RIGHT
AR5,PWR,PWR,VSS,RIGHT
AT10,PWR,PWR,VSS,RIGHT
AT11,PWR,PWR,VSS,RIGHT
AT12,PWR,PWR,VSS,RIGHT
AT13,PWR,PWR,VSS,RIGHT
AT14,PWR,PWR,VSS,RIGHT
AT15,PWR,PWR,VSS,RIGHT
AT17,PWR,PWR,VSS,RIGHT
AT24,PWR,PWR,VSS,RIGHT
AT25,PWR,PWR,VSS,RIGHT
AT26,PWR,PWR,VSS,RIGHT
AT27,PWR,PWR,VSS,RIGHT
AT28,PWR,PWR,VSS,RIGHT
AT29,PWR,PWR,VSS,RIGHT
AT30,PWR,PWR,VSS,RIGHT
AT31,PWR,PWR,VSS,RIGHT
AT32,PWR,PWR,VSS,RIGHT
AT34,PWR,PWR,VSS,RIGHT
AT36,PWR,PWR,VSS,RIGHT
AT37,PWR,PWR,VSS,RIGHT
AT38,PWR,PWR,VSS,RIGHT
AT39,PWR,PWR,VSS,RIGHT
AT40,PWR,PWR,VSS,RIGHT
AT5,PWR,PWR,VSS,RIGHT
AT6,PWR,PWR,VSS,RIGHT
AT7,PWR,PWR,VSS,RIGHT
AT8,PWR,PWR,VSS,RIGHT
AT9,PWR,PWR,VSS,RIGHT
AU1,PWR,PWR,VSS,RIGHT
AU25,PWR,PWR,VSS,RIGHT
AU30,PWR,PWR,VSS,RIGHT
AU34,PWR,PWR,VSS,RIGHT
AU39,PWR,PWR,VSS,RIGHT
AU4,PWR,PWR,VSS,RIGHT
AU5,PWR,PWR,VSS,RIGHT
AU7,PWR,PWR,VSS,RIGHT
AV2,PWR,PWR,VSS,RIGHT
AV26,PWR,PWR,VSS,RIGHT
AV28,PWR,PWR,VSS,RIGHT
AV30,PWR,PWR,VSS,RIGHT
AV34,PWR,PWR,VSS,RIGHT
AV38,PWR,PWR,VSS,RIGHT
AV5,PWR,PWR,VSS,RIGHT
AV9,PWR,PWR,VSS,RIGHT
AW3,PWR,PWR,VSS,RIGHT
AW30,PWR,PWR,VSS,RIGHT
AW32,PWR,PWR,VSS,RIGHT
AW34,PWR,PWR,VSS,RIGHT
AW36,PWR,PWR,VSS,RIGHT
AW5,PWR,PWR,VSS,RIGHT
AW9,PWR,PWR,VSS,RIGHT
AY27,PWR,PWR,VSS,RIGHT
AY30,PWR,PWR,VSS,RIGHT
AY5,PWR,PWR,VSS,RIGHT
AY7,PWR,PWR,VSS,RIGHT
AY9,PWR,PWR,VSS,RIGHT
B24,PWR,PWR,VSS,RIGHT
B26,PWR,PWR,VSS,RIGHT
B28,PWR,PWR,VSS,RIGHT
B30,PWR,PWR,VSS,RIGHT
B6,PWR,PWR,VSS,RIGHT
C10,PWR,PWR,VSS,RIGHT
C12,PWR,PWR,VSS,RIGHT
C14,PWR,PWR,VSS,RIGHT
C16,PWR,PWR,VSS,RIGHT
C18,PWR,PWR,VSS,RIGHT
C20,PWR,PWR,VSS,RIGHT
C22,PWR,PWR,VSS,RIGHT
C24,PWR,PWR,VSS,RIGHT
C31,PWR,PWR,VSS,RIGHT
C33,PWR,PWR,VSS,RIGHT
C35,PWR,PWR,VSS,RIGHT
C37,PWR,PWR,VSS,RIGHT
C5,PWR,PWR,VSS,RIGHT
C8,PWR,PWR,VSS,RIGHT
D24,PWR,PWR,VSS,RIGHT
D26,PWR,PWR,VSS,RIGHT
D28,PWR,PWR,VSS,RIGHT
D30,PWR,PWR,VSS,RIGHT
D37,PWR,PWR,VSS,RIGHT
D39,PWR,PWR,VSS,RIGHT
D4,PWR,PWR,VSS,RIGHT
D7,PWR,PWR,VSS,RIGHT
E11,PWR,PWR,VSS,RIGHT
E13,PWR,PWR,VSS,RIGHT
E15,PWR,PWR,VSS,RIGHT
E17,PWR,PWR,VSS,RIGHT
E19,PWR,PWR,VSS,RIGHT
E21,PWR,PWR,VSS,RIGHT
E23,PWR,PWR,VSS,RIGHT
E3,PWR,PWR,VSS,RIGHT
E31,PWR,PWR,VSS,RIGHT
E33,PWR,PWR,VSS,RIGHT
E35,PWR,PWR,VSS,RIGHT
E37,PWR,PWR,VSS,RIGHT
E6,PWR,PWR,VSS,RIGHT
E9,PWR,PWR,VSS,RIGHT
F1,PWR,PWR,VSS,RIGHT
F10,PWR,PWR,VSS,RIGHT
F22,PWR,PWR,VSS,RIGHT
F26,PWR,PWR,VSS,RIGHT
F28,PWR,PWR,VSS,RIGHT
F30,PWR,PWR,VSS,RIGHT
F36,PWR,PWR,VSS,RIGHT
F4,PWR,PWR,VSS,RIGHT
F40,PWR,PWR,VSS,RIGHT
F7,PWR,PWR,VSS,RIGHT
G11,PWR,PWR,VSS,RIGHT
G13,PWR,PWR,VSS,RIGHT
G15,PWR,PWR,VSS,RIGHT
G17,PWR,PWR,VSS,RIGHT
G19,PWR,PWR,VSS,RIGHT
G22,PWR,PWR,VSS,RIGHT
G3,PWR,PWR,VSS,RIGHT
G31,PWR,PWR,VSS,RIGHT
G33,PWR,PWR,VSS,RIGHT
G6,PWR,PWR,VSS,RIGHT
H1,PWR,PWR,VSS,RIGHT
H11,PWR,PWR,VSS,RIGHT
H12,PWR,PWR,VSS,RIGHT
H21,PWR,PWR,VSS,RIGHT
H24,PWR,PWR,VSS,RIGHT
H26,PWR,PWR,VSS,RIGHT
H28,PWR,PWR,VSS,RIGHT
H30,PWR,PWR,VSS,RIGHT
H35,PWR,PWR,VSS,RIGHT
H37,PWR,PWR,VSS,RIGHT
H39,PWR,PWR,VSS,RIGHT
H4,PWR,PWR,VSS,RIGHT
H7,PWR,PWR,VSS,RIGHT
H9,PWR,PWR,VSS,RIGHT
J10,PWR,PWR,VSS,RIGHT
J12,PWR,PWR,VSS,RIGHT
J16,PWR,PWR,VSS,RIGHT
J18,PWR,PWR,VSS,RIGHT
J20,PWR,PWR,VSS,RIGHT
J3,PWR,PWR,VSS,RIGHT
J32,PWR,PWR,VSS,RIGHT
J34,PWR,PWR,VSS,RIGHT
J6,PWR,PWR,VSS,RIGHT
K1,PWR,PWR,VSS,RIGHT
K14,PWR,PWR,VSS,RIGHT
K15,PWR,PWR,VSS,RIGHT
K17,PWR,PWR,VSS,RIGHT
K19,PWR,PWR,VSS,RIGHT
K22,PWR,PWR,VSS,RIGHT
K24,PWR,PWR,VSS,RIGHT
K26,PWR,PWR,VSS,RIGHT
K28,PWR,PWR,VSS,RIGHT
K30,PWR,PWR,VSS,RIGHT
K33,PWR,PWR,VSS,RIGHT
K35,PWR,PWR,VSS,RIGHT
K37,PWR,PWR,VSS,RIGHT
K39,PWR,PWR,VSS,RIGHT
K4,PWR,PWR,VSS,RIGHT
K7,PWR,PWR,VSS,RIGHT
L11,PWR,PWR,VSS,RIGHT
L13,PWR,PWR,VSS,RIGHT
L3,PWR,PWR,VSS,RIGHT
L32,PWR,PWR,VSS,RIGHT
L6,PWR,PWR,VSS,RIGHT
L9,PWR,PWR,VSS,RIGHT
M1,PWR,PWR,VSS,RIGHT
M10,PWR,PWR,VSS,RIGHT
M12,PWR,PWR,VSS,RIGHT
M15,PWR,PWR,VSS,RIGHT
M17,PWR,PWR,VSS,RIGHT
M19,PWR,PWR,VSS,RIGHT
M21,PWR,PWR,VSS,RIGHT
M23,PWR,PWR,VSS,RIGHT
M25,PWR,PWR,VSS,RIGHT
M27,PWR,PWR,VSS,RIGHT
M29,PWR,PWR,VSS,RIGHT
M35,PWR,PWR,VSS,RIGHT
M37,PWR,PWR,VSS,RIGHT
M39,PWR,PWR,VSS,RIGHT
M4,PWR,PWR,VSS,RIGHT
M7,PWR,PWR,VSS,RIGHT
N3,PWR,PWR,VSS,RIGHT
N33,PWR,PWR,VSS,RIGHT
N6,PWR,PWR,VSS,RIGHT
N8,PWR,PWR,VSS,RIGHT
P1,PWR,PWR,VSS,RIGHT
P35,PWR,PWR,VSS,RIGHT
P37,PWR,PWR,VSS,RIGHT
P39,PWR,PWR,VSS,RIGHT
P4,PWR,PWR,VSS,RIGHT
R3,PWR,PWR,VSS,RIGHT
R33,PWR,PWR,VSS,RIGHT
R6,PWR,PWR,VSS,RIGHT
R8,PWR,PWR,VSS,RIGHT
T1,PWR,PWR,VSS,RIGHT
T35,PWR,PWR,VSS,RIGHT
T37,PWR,PWR,VSS,RIGHT
T39,PWR,PWR,VSS,RIGHT
T4,PWR,PWR,VSS,RIGHT
U3,PWR,PWR,VSS,RIGHT
U33,PWR,PWR,VSS,RIGHT
U6,PWR,PWR,VSS,RIGHT
V1,PWR,PWR,VSS,RIGHT
V35,PWR,PWR,VSS,RIGHT
V37,PWR,PWR,VSS,RIGHT
V39,PWR,PWR,VSS,RIGHT
V8,PWR,PWR,VSS,RIGHT
W3,PWR,PWR,VSS,RIGHT
W33,PWR,PWR,VSS,RIGHT
W6,PWR,PWR,VSS,RIGHT
Y35,PWR,PWR,VSS,RIGHT
Y37,PWR,PWR,VSS,RIGHT
Y5,PWR,PWR,VSS,RIGHT
A4,PWR,PWR,VSS,RIGHT
AU40,PWR,PWR,VSS,RIGHT
AV39,PWR,PWR,VSS,RIGHT
AW38,PWR,PWR,VSS,RIGHT
B38,PWR,PWR,VSS,RIGHT
C2,PWR,PWR,VSS,RIGHT
D40,PWR,PWR,VSS,RIGHT
AE4,PWR,PWR,VSS_SA_SENSE,RIGHT
D38,PWR,PWR,VSS_SENSE,RIGHT
F38,PWR,PWR,VSSGT_SENSE,RIGHT
AE38,DDR,I/O,DDR0_DQ[0],LEFT
AE37,DDR,I/O,DDR0_DQ[1],LEFT
AG38,DDR,I/O,DDR0_DQ[2],LEFT
AG37,DDR,I/O,DDR0_DQ[3],LEFT
AE39,DDR,I/O,DDR0_DQ[4],LEFT
AE40,DDR,I/O,DDR0_DQ[5],LEFT
AG39,DDR,I/O,DDR0_DQ[6],LEFT
AG40,DDR,I/O,DDR0_DQ[7],LEFT
AJ38,DDR,I/O,DDR0_DQ[8],LEFT
AJ37,DDR,I/O,DDR0_DQ[9],LEFT
AL38,DDR,I/O,DDR0_DQ[10],LEFT
AL37,DDR,I/O,DDR0_DQ[11],LEFT
AJ40,DDR,I/O,DDR0_DQ[12],LEFT
AJ39,DDR,I/O,DDR0_DQ[13],LEFT
AL39,DDR,I/O,DDR0_DQ[14],LEFT
AL40,DDR,I/O,DDR0_DQ[15],LEFT
AN38,DDR,I/O,DDR0_DQ[32],LEFT
AN40,DDR,I/O,DDR0_DQ[33],LEFT
AR38,DDR,I/O,DDR0_DQ[34],LEFT
AR37,DDR,I/O,DDR0_DQ[35],LEFT
AN39,DDR,I/O,DDR0_DQ[36],LEFT
AN37,DDR,I/O,DDR0_DQ[37],LEFT
AR39,DDR,I/O,DDR0_DQ[38],LEFT
AR40,DDR,I/O,DDR0_DQ[39],LEFT
AW37,DDR,I/O,DDR0_DQ[40],LEFT
AU38,DDR,I/O,DDR0_DQ[41],LEFT
AV35,DDR,I/O,DDR0_DQ[42],LEFT
AW35,DDR,I/O,DDR0_DQ[43],LEFT
AU37,DDR,I/O,DDR0_DQ[44],LEFT
AV37,DDR,I/O,DDR0_DQ[45],LEFT
AT35,DDR,I/O,DDR0_DQ[46],LEFT
AU35,DDR,I/O,DDR0_DQ[47],LEFT
AY8,DDR,I/O,DDR1_DQ[0],RIGHT
AW8,DDR,I/O,DDR1_DQ[1],RIGHT
AV6,DDR,I/O,DDR1_DQ[2],RIGHT
AU6,DDR,I/O,DDR1_DQ[3],RIGHT
AU8,DDR,I/O,DDR1_DQ[4],RIGHT
AV8,DDR,I/O,DDR1_DQ[5],RIGHT
AW6,DDR,I/O,DDR1_DQ[6],RIGHT
AY6,DDR,I/O,DDR1_DQ[7],RIGHT
AY4,DDR,I/O,DDR1_DQ[8],RIGHT
AV4,DDR,I/O,DDR1_DQ[9],RIGHT
AT1,DDR,I/O,DDR1_DQ[10],RIGHT
AT2,DDR,I/O,DDR1_DQ[11],RIGHT
AV3,DDR,I/O,DDR1_DQ[12],RIGHT
AW4,DDR,I/O,DDR1_DQ[13],RIGHT
AT4,DDR,I/O,DDR1_DQ[14],RIGHT
AT3,DDR,I/O,DDR1_DQ[15],RIGHT
AP2,DDR,I/O,DDR1_DQ[32],RIGHT
AM4,DDR,I/O,DDR1_DQ[33],RIGHT
AP3,DDR,I/O,DDR1_DQ[34],RIGHT
AM3,DDR,I/O,DDR1_DQ[35],RIGHT
AP4,DDR,I/O,DDR1_DQ[36],RIGHT
AM2,DDR,I/O,DDR1_DQ[37],RIGHT
AP1,DDR,I/O,DDR1_DQ[38],RIGHT
AM1,DDR,I/O,DDR1_DQ[39],RIGHT
AK3,DDR,I/O,DDR1_DQ[40],RIGHT
AH1,DDR,I/O,DDR1_DQ[41],RIGHT
AK4,DDR,I/O,DDR1_DQ[42],RIGHT
AH2,DDR,I/O,DDR1_DQ[43],RIGHT
AH4,DDR,I/O,DDR1_DQ[44],RIGHT
AK2,DDR,I/O,DDR1_DQ[45],RIGHT
AH3,DDR,I/O,DDR1_DQ[46],RIGHT
AK1,DDR,I/O,DDR1_DQ[47],RIGHT
AD34,DDR,I/O,DDR0_DQ[16],LEFT
AD35,DDR,I/O,DDR0_DQ[17],LEFT
AG35,DDR,I/O,DDR0_DQ[18],LEFT
AH35,DDR,I/O,DDR0_DQ[19],LEFT
AE35,DDR,I/O,DDR0_DQ[20],LEFT
AE34,DDR,I/O,DDR0_DQ[21],LEFT
AG34,DDR,I/O,DDR0_DQ[22],LEFT
AH34,DDR,I/O,DDR0_DQ[23],LEFT
AK35,DDR,I/O,DDR0_DQ[24],LEFT
AL35,DDR,I/O,DDR0_DQ[25],LEFT
AK32,DDR,I/O,DDR0_DQ[26],LEFT
AL32,DDR,I/O,DDR0_DQ[27],LEFT
AK34,DDR,I/O,DDR0_DQ[28],LEFT
AL34,DDR,I/O,DDR0_DQ[29],LEFT
AK31,DDR,I/O,DDR0_DQ[30],LEFT
AL31,DDR,I/O,DDR0_DQ[31],LEFT
AP35,DDR,I/O,DDR0_DQ[48],LEFT
AN35,DDR,I/O,DDR0_DQ[49],LEFT
AN32,DDR,I/O,DDR0_DQ[50],LEFT
AP32,DDR,I/O,DDR0_DQ[51],LEFT
AN34,DDR,I/O,DDR0_DQ[52],LEFT
AP34,DDR,I/O,DDR0_DQ[53],LEFT
AN31,DDR,I/O,DDR0_DQ[54],LEFT
AP31,DDR,I/O,DDR0_DQ[55],LEFT
AL29,DDR,I/O,DDR0_DQ[56],LEFT
AM29,DDR,I/O,DDR0_DQ[57],LEFT
AP29,DDR,I/O,DDR0_DQ[58],LEFT
AR29,DDR,I/O,DDR0_DQ[59],LEFT
AM28,DDR,I/O,DDR0_DQ[60],LEFT
AL28,DDR,I/O,DDR0_DQ[61],LEFT
AR28,DDR,I/O,DDR0_DQ[62],LEFT
AP28,DDR,I/O,DDR0_DQ[63],LEFT
AR12,DDR,I/O,DDR1_DQ[16],RIGHT
AP12,DDR,I/O,DDR1_DQ[17],RIGHT
AM13,DDR,I/O,DDR1_DQ[18],RIGHT
AL13,DDR,I/O,DDR1_DQ[19],RIGHT
AR13,DDR,I/O,DDR1_DQ[20],RIGHT
AP13,DDR,I/O,DDR1_DQ[21],RIGHT
AM12,DDR,I/O,DDR1_DQ[22],RIGHT
AL12,DDR,I/O,DDR1_DQ[23],RIGHT
AP10,DDR,I/O,DDR1_DQ[24],RIGHT
AR10,DDR,I/O,DDR1_DQ[25],RIGHT
AR7,DDR,I/O,DDR1_DQ[26],RIGHT
AP7,DDR,I/O,DDR1_DQ[27],RIGHT
AR9,DDR,I/O,DDR1_DQ[28],RIGHT
AP9,DDR,I/O,DDR1_DQ[29],RIGHT
AR6,DDR,I/O,DDR1_DQ[30],RIGHT
AP6,DDR,I/O,DDR1_DQ[31],RIGHT
AM10,DDR,I/O,DDR1_DQ[48],RIGHT
AL10,DDR,I/O,DDR1_DQ[49],RIGHT
AM7,DDR,I/O,DDR1_DQ[50],RIGHT
AL7,DDR,I/O,DDR1_DQ[51],RIGHT
AM9,DDR,I/O,DDR1_DQ[52],RIGHT
AL9,DDR,I/O,DDR1_DQ[53],RIGHT
AM6,DDR,I/O,DDR1_DQ[54],RIGHT
AL6,DDR,I/O,DDR1_DQ[55],RIGHT
AJ6,DDR,I/O,DDR1_DQ[56],RIGHT
AJ7,DDR,I/O,DDR1_DQ[57],RIGHT
AE6,DDR,I/O,DDR1_DQ[58],RIGHT
AF7,DDR,I/O,DDR1_DQ[59],RIGHT
AH7,DDR,I/O,DDR1_DQ[60],RIGHT
AH6,DDR,I/O,DDR1_DQ[61],RIGHT
AE7,DDR,I/O,DDR1_DQ[62],RIGHT
AF6,DDR,I/O,DDR1_DQ[63],RIGHT
AF39,DDR,I/O,DDR0_DQSN[0],LEFT
AK39,DDR,I/O,DDR0_DQSN[1],LEFT
AP39,DDR,I/O,DDR0_DQSN[4],LEFT
AU36,DDR,I/O,DDR0_DQSN[5],LEFT
AW7,DDR,I/O,DDR1_DQSN[0],RIGHT
AU3,DDR,I/O,DDR1_DQSN[1],RIGHT
AN3,DDR,I/O,DDR1_DQSN[4],RIGHT
AJ3,DDR,I/O,DDR1_DQSN[5],RIGHT
AF34,DDR,I/O,DDR0_DQSN[2],LEFT
AK33,DDR,I/O,DDR0_DQSN[3],LEFT
AN33,DDR,I/O,DDR0_DQSN[6],LEFT
AN29,DDR,I/O,DDR0_DQSN[7],LEFT
AN13,DDR,I/O,DDR1_DQSN[2],RIGHT
AR8,DDR,I/O,DDR1_DQSN[3],RIGHT
AM8,DDR,I/O,DDR1_DQSN[6],RIGHT
AG6,DDR,I/O,DDR1_DQSN[7],RIGHT
AF38,DDR,I/O,DDR0_DQSP[0],LEFT
AK38,DDR,I/O,DDR0_DQSP[1],LEFT
AP38,DDR,I/O,DDR0_DQSP[4],LEFT
AV36,DDR,I/O,DDR0_DQSP[5],LEFT
AV7,DDR,I/O,DDR1_DQSP[0],RIGHT
AU2,DDR,I/O,DDR1_DQSP[1],RIGHT
AN2,DDR,I/O,DDR1_DQSP[4],RIGHT
AJ2,DDR,I/O,DDR1_DQSP[5],RIGHT
AF35,DDR,I/O,DDR0_DQSP[2],LEFT
AL33,DDR,I/O,DDR0_DQSP[3],LEFT
AP33,DDR,I/O,DDR0_DQSP[6],LEFT
AN28,DDR,I/O,DDR0_DQSP[7],LEFT
AN12,DDR,I/O,DDR1_DQSP[2],RIGHT
AP8,DDR,I/O,DDR1_DQSP[3],RIGHT
AL8,DDR,I/O,DDR1_DQSP[6],RIGHT
AG7,DDR,I/O,DDR1_DQSP[7],RIGHT
AU32,DDR,I/O,DDR0_DQSN[8],LEFT
AV32,DDR,I/O,DDR0_DQSP[8],LEFT
AN26,DDR,I/O,DDR1_DQSN[8],RIGHT
AN25,DDR,I/O,DDR1_DQSP[8],RIGHT
AY15,DDR,OUTPUT,DDR0_PAR,LEFT
AL20,DDR,OUTPUT,DDR1_PAR,RIGHT
AT23,DDR,I/O,DDR0_ALERT#,LEFT
AY25,DDR,I/O,DDR1_ALERT#,RIGHT
AV18,DDR,OUTPUT,DDR0_CKN[0],LEFT
AW18,DDR,OUTPUT,DDR0_CKP[0],LEFT
AY17,DDR,OUTPUT,DDR0_CKN[1],LEFT
AW17,DDR,OUTPUT,DDR0_CKP[1],LEFT
AV16,DDR,OUTPUT,DDR0_CKN[2],LEFT
AW16,DDR,OUTPUT,DDR0_CKP[2],LEFT
AU16,DDR,OUTPUT,DDR0_CKN[3],LEFT
AT16,DDR,OUTPUT,DDR0_CKP[3],LEFT
AM21,DDR,OUTPUT,DDR1_CKN[0],RIGHT
AM20,DDR,OUTPUT,DDR1_CKP[0],RIGHT
AP21,DDR,OUTPUT,DDR1_CKN[1],RIGHT
AP22,DDR,OUTPUT,DDR1_CKP[1],RIGHT
AN21,DDR,OUTPUT,DDR1_CKN[2],RIGHT
AN20,DDR,OUTPUT,DDR1_CKP[2],RIGHT
AP20,DDR,OUTPUT,DDR1_CKN[3],RIGHT
AP19,DDR,OUTPUT,DDR1_CKP[3],RIGHT
AY24,DDR,OUTPUT,DDR0_CKE[0],LEFT
AW24,DDR,OUTPUT,DDR0_CKE[1],LEFT
AV24,DDR,OUTPUT,DDR0_CKE[2],LEFT
AV25,DDR,OUTPUT,DDR0_CKE[3],LEFT
AY29,DDR,OUTPUT,DDR1_CKE[0],RIGHT
AV29,DDR,OUTPUT,DDR1_CKE[1],RIGHT
AW29,DDR,OUTPUT,DDR1_CKE[2],RIGHT
AU29,DDR,OUTPUT,DDR1_CKE[3],RIGHT
AW11,DDR,OUTPUT,DDR0_ODT[0],LEFT
AU14,DDR,OUTPUT,DDR0_ODT[1],LEFT
AU12,DDR,OUTPUT,DDR0_ODT[2],LEFT
AY10,DDR,OUTPUT,DDR0_ODT[3],LEFT
AM16,DDR,OUTPUT,DDR1_ODT[0],RIGHT
AL16,DDR,OUTPUT,DDR1_ODT[1],RIGHT
AP15,DDR,OUTPUT,DDR1_ODT[2],RIGHT
AL15,DDR,OUTPUT,DDR1_ODT[3],RIGHT
AW12,DDR,OUTPUT,DDR0_CS#[0],LEFT
AU11,DDR,OUTPUT,DDR0_CS#[1],LEFT
AV13,DDR,OUTPUT,DDR0_CS#[2],LEFT
AV10,DDR,OUTPUT,DDR0_CS#[3],LEFT
AP17,DDR,OUTPUT,DDR1_CS#[0],RIGHT
AN15,DDR,OUTPUT,DDR1_CS#[1],RIGHT
AN17,DDR,OUTPUT,DDR1_CS#[2],RIGHT
AM15,DDR,OUTPUT,DDR1_CS#[3],RIGHT
AW15,DDR,OUTPUT,DDR0_MA[0],LEFT
AU18,DDR,OUTPUT,DDR0_MA[1],LEFT
AU17,DDR,OUTPUT,DDR0_MA[2],LEFT
AV19,DDR,OUTPUT,DDR0_MA[3],LEFT
AT19,DDR,OUTPUT,DDR0_MA[4],LEFT
AU20,DDR,OUTPUT,DDR0_MA[5],LEFT
AV20,DDR,OUTPUT,DDR0_MA[6],LEFT
AU21,DDR,OUTPUT,DDR0_MA[7],LEFT
AT20,DDR,OUTPUT,DDR0_MA[8],LEFT
AT22,DDR,OUTPUT,DDR0_MA[9],LEFT
AY14,DDR,OUTPUT,DDR0_MA[10],LEFT
AU22,DDR,OUTPUT,DDR0_MA[11],LEFT
AV22,DDR,OUTPUT,DDR0_MA[12],LEFT
AV12,DDR,OUTPUT,DDR0_MA[13],LEFT
AU24,DDR,OUTPUT,DDR0_ACT#,LEFT
AV14,DDR,OUTPUT,DDR0_MA[14],LEFT
AY11,DDR,OUTPUT,DDR0_MA[15],LEFT
AW13,DDR,OUTPUT,DDR0_MA[16],LEFT
AY13,DDR,OUTPUT,DDR0_BA[0],LEFT
AV15,DDR,OUTPUT,DDR0_BA[1],LEFT
AW23,DDR,OUTPUT,DDR0_BG[0],LEFT
AV23,DDR,OUTPUT,DDR0_BG[1],LEFT
AL19,DDR,OUTPUT,DDR1_MA[0],RIGHT
AL22,DDR,OUTPUT,DDR1_MA[1],RIGHT
AM22,DDR,OUTPUT,DDR1_MA[2],RIGHT
AM23,DDR,OUTPUT,DDR1_MA[3],RIGHT
AP23,DDR,OUTPUT,DDR1_MA[4],RIGHT
AL23,DDR,OUTPUT,DDR1_MA[5],RIGHT
AW26,DDR,OUTPUT,DDR1_MA[6],RIGHT
AY26,DDR,OUTPUT,DDR1_MA[7],RIGHT
AU26,DDR,OUTPUT,DDR1_MA[8],RIGHT
AW27,DDR,OUTPUT,DDR1_MA[9],RIGHT
AP18,DDR,OUTPUT,DDR1_MA[10],RIGHT
AU27,DDR,OUTPUT,DDR1_MA[11],RIGHT
AV27,DDR,OUTPUT,DDR1_MA[12],RIGHT
AR15,DDR,OUTPUT,DDR1_MA[13],RIGHT
AU28,DDR,OUTPUT,DDR1_ACT#,RIGHT
AL17,DDR,OUTPUT,DDR1_MA[14],RIGHT
AP16,DDR,OUTPUT,DDR1_MA[15],RIGHT
AN18,DDR,OUTPUT,DDR1_MA[16],RIGHT
AL18,DDR,OUTPUT,DDR1_BA[0],RIGHT
AM18,DDR,OUTPUT,DDR1_BA[1],RIGHT
AW28,DDR,OUTPUT,DDR1_BG[0],RIGHT
AY28,DDR,OUTPUT,DDR1_BG[1],RIGHT
AU33,DDR,I/O,DDR0_ECC[0],LEFT
AT33,DDR,I/O,DDR0_ECC[1],LEFT
AW33,DDR,I/O,DDR0_ECC[2],LEFT
AV31,DDR,I/O,DDR0_ECC[3],LEFT
AU31,DDR,I/O,DDR0_ECC[4],LEFT
AV33,DDR,I/O,DDR0_ECC[5],LEFT
AW31,DDR,I/O,DDR0_ECC[6],LEFT
AY31,DDR,I/O,DDR0_ECC[7],LEFT
AR25,DDR,I/O,DDR1_ECC[0],RIGHT
AR26,DDR,I/O,DDR1_ECC[1],RIGHT
AM26,DDR,I/O,DDR1_ECC[2],RIGHT
AM25,DDR,I/O,DDR1_ECC[3],RIGHT
AP26,DDR,I/O,DDR1_ECC[4],RIGHT
AP25,DDR,I/O,DDR1_ECC[5],RIGHT
AL25,DDR,I/O,DDR1_ECC[6],RIGHT
AL26,DDR,I/O,DDR1_ECC[7],RIGHT
AC40,DDR,OUTPUT,DDR0_VREF_DQ,LEFT
AC39,DDR,OUTPUT,DDR1_VREF_DQ,RIGHT
AB40,DDR,OUTPUT,DDR_VREF_CA,RIGHT
AC36,DDR,OUTPUT,DDR_VTT_CNTL,RIGHT
AV1,PWR,NC,RSVD,RIGHT
AW2,PWR,NC,RSVD,RIGHT