Z390,,,,,,
Pin,Unit,Type,Name,,,
AR2,GEN_PINS_3,I/O,CL_CLK,,,
AT5,GEN_PINS_3,I/O,CL_DATA,,,
AU4,GEN_PINS_3,OUTPUT,CL_RST#,,,
R6,CLK,INPUT,CLKIN_XTAL,,,
C8,CPU,OUTPUT,CLKOUT_CPUBCLK_N,,,
B8,CPU,OUTPUT,CLKOUT_CPUBCLK_P,,,
C6,CPU,OUTPUT,CLKOUT_CPUNSSC_N,,,
D7,CPU,OUTPUT,CLKOUT_CPUNSSC_P,,,
B6,CPU,OUTPUT,CLKOUT_CPUPCIBCLK_N,,,
A6,CPU,OUTPUT,CLKOUT_CPUPCIBCLK_P,,,
Y3,CLK,OUTPUT,CLKOUT_ITPXDP_N,,,
Y4,CLK,OUTPUT,CLKOUT_ITPXDP_P,,,
AJ6,FLEX_IO,OUTPUT,CLKOUT_PCIE_N0,,,
AH9,FLEX_IO,OUTPUT,CLKOUT_PCIE_N1,,,
AC9,FLEX_IO,OUTPUT,CLKOUT_PCIE_N10,,,
AE9,FLEX_IO,OUTPUT,CLKOUT_PCIE_N11,,,
AC7,FLEX_IO,OUTPUT,CLKOUT_PCIE_N12,,,
AA1,FLEX_IO,OUTPUT,CLKOUT_PCIE_N13,,,
T2,FLEX_IO,OUTPUT,CLKOUT_PCIE_N14,,,
V2,FLEX_IO,OUTPUT,CLKOUT_PCIE_N15,,,
AE14,FLEX_IO,OUTPUT,CLKOUT_PCIE_N2,,,
AE6,FLEX_IO,OUTPUT,CLKOUT_PCIE_N3,,,
AC2,FLEX_IO,OUTPUT,CLKOUT_PCIE_N4,,,
AB2,FLEX_IO,OUTPUT,CLKOUT_PCIE_N5,,,
W4,FLEX_IO,OUTPUT,CLKOUT_PCIE_N6,,,
W7,FLEX_IO,OUTPUT,CLKOUT_PCIE_N7,,,
AC14,FLEX_IO,OUTPUT,CLKOUT_PCIE_N8,,,
U2,FLEX_IO,OUTPUT,CLKOUT_PCIE_N9,,,
AJ7,FLEX_IO,OUTPUT,CLKOUT_PCIE_P0,,,
AH10,FLEX_IO,OUTPUT,CLKOUT_PCIE_P1,,,
AC11,FLEX_IO,OUTPUT,CLKOUT_PCIE_P10,,,
AE11,FLEX_IO,OUTPUT,CLKOUT_PCIE_P11,,,
AC6,FLEX_IO,OUTPUT,CLKOUT_PCIE_P12,,,
Y2,FLEX_IO,OUTPUT,CLKOUT_PCIE_P13,,,
T1,FLEX_IO,OUTPUT,CLKOUT_PCIE_P14,,,
V3,FLEX_IO,OUTPUT,CLKOUT_PCIE_P15,,,
AE15,FLEX_IO,OUTPUT,CLKOUT_PCIE_P2,,,
AE7,FLEX_IO,OUTPUT,CLKOUT_PCIE_P3,,,
AC3,FLEX_IO,OUTPUT,CLKOUT_PCIE_P4,,,
AB3,FLEX_IO,OUTPUT,CLKOUT_PCIE_P5,,,
W3,FLEX_IO,OUTPUT,CLKOUT_PCIE_P6,,,
W6,FLEX_IO,OUTPUT,CLKOUT_PCIE_P7,,,
AC15,FLEX_IO,OUTPUT,CLKOUT_PCIE_P8,,,
U3,FLEX_IO,OUTPUT,CLKOUT_PCIE_P9,,,
BD4,GEN_PINS_3,INPUT,CNV_WR_CLKN,,,
BE3,GEN_PINS_3,INPUT,CNV_WR_CLKP,,,
BB3,GEN_PINS_3,OUTPUT,CNV_WR_D0N,,,
BB4,GEN_PINS_3,OUTPUT,CNV_WR_D0P,,,
BA3,GEN_PINS_3,OUTPUT,CNV_WR_D1N,,,
BA2,GEN_PINS_3,OUTPUT,CNV_WR_D1P,,,
BC5,GEN_PINS_3,OUTPUT,CNV_WT_CLKN,,,
BB6,GEN_PINS_3,OUTPUT,CNV_WT_CLKP,,,
BE6,GEN_PINS_3,OUTPUT,CNV_WT_D0N,,,
BD7,GEN_PINS_3,OUTPUT,CNV_WT_D0P,,,
BG6,GEN_PINS_3,OUTPUT,CNV_WT_D1N,,,
BF6,GEN_PINS_3,OUTPUT,CNV_WT_D1P,,,
BA1,GEN_PINS_3,INPUT,CNV_WT_RCOMP,,,
AM4,CPU,I/O,CPU_TRST#,,,
AE3,CPU,OUTPUT,CPUPWRGD,,,
BF47,PWR,NC,DCPRTC,,,
BG47,PWR,NC,DCPRTC,,,
K34,CPU,INPUT,DMI0_RXN,,,
J35,CPU,INPUT,DMI0_RXP,,,
C33,CPU,OUTPUT,DMI0_TXN,,,
B33,CPU,OUTPUT,DMI0_TXP,,,
G33,CPU,INPUT,DMI1_RXN,,,
F34,CPU,INPUT,DMI1_RXP,,,
C32,CPU,OUTPUT,DMI1_TXN,,,
B32,CPU,OUTPUT,DMI1_TXP,,,
K32,CPU,INPUT,DMI2_RXN,,,
J32,CPU,INPUT,DMI2_RXP,,,
C31,CPU,OUTPUT,DMI2_TXN,,,
B31,CPU,OUTPUT,DMI2_TXP,,,
G30,CPU,INPUT,DMI3_RXN,,,
F30,CPU,INPUT,DMI3_RXP,,,
C29,CPU,OUTPUT,DMI3_TXN,,,
B29,CPU,OUTPUT,DMI3_TXP,,,
BB46,PWR_MAN,OUTPUT,DRAM_RESET#,,,
AW41,PWR_MAN,INPUT,DSW_PWROK,,,
BF44,PWR_MAN,INPUT,GPD0/BATLOW#,,,
BG42,PWR_MAN,INPUT,GPD1/ACPRESENT,,,
BC42,PWR_MAN,OUTPUT,GPD10/SLP_S5#,,,
BF41,PWR_MAN,INPUT,GPD11/LANPHYPC,,,
BG44,PWR_MAN,INPUT,GPD2/LAN_WAKE#,,,
BE46,PWR_MAN,INPUT,GPD3/PWRBTN#,,,
BF42,PWR_MAN,OUTPUT,GPD4/SLP_S3#,,,
BE42,PWR_MAN,OUTPUT,GPD5/SLP_S4#,,,
BE40,PWR_MAN,OUTPUT,GPD6/SLP_A#,,,
BE41,GEN_PINS_1,I/O,GPD7,,,
BE45,PWR_MAN,OUTPUT,GPD8/SUSCLK,,,
BD42,PWR_MAN,OUTPUT,GPD9/SLP_WLAN#,,,
AV32,PWR_MAN,I/O,GPP_A8/CLKRUN#,,,
BE39,GEN_PINS_3,I/O,GPP_A0/RCIN#/ESPI_ALERT1#,,,
BB39,GEN_PINS_3,I/O,GPP_A1/LAD0/ESPI_IO0,,,
BB34,CLK,OUTPUT,GPP_A10/CLKOUT_LPC1,,,
BE36,GEN_PINS_1,I/O,GPP_A11/PME#/SD_VDD2_PWR_EN#,,,
BF36,GEN_PINS_1,OUTPUT,GPP_A12/BM_BUSY#/ISH_GP6/SX_EXIT_HOLDOFF#,,,
BC37,GEN_PINS_1,OUTPUT,GPP_A13/SUSWARN#/SUSPWRDNACK,,,
BF38,GEN_PINS_3,OUTPUT,GPP_A14/SUS_STAT#/ESPI_RESET#,,,
BE35,PWR_MAN,INPUT,GPP_A15/SUSACK#,,,
BE33,CLK,OUTPUT,GPP_A16/CLKOUT_48,,,
BD38,GEN_PINS_1,I/O,GPP_A17/SD_VDD1_PWR_EN#/ISH_GP7,,,
BF35,ISH,I/O,GPP_A18/ISH_GP0,,,
BD34,ISH,I/O,GPP_A19/ISH_GP1,,,
AW37,GEN_PINS_3,I/O,GPP_A2/LAD1/ESPI_IO1,,,
BE34,ISH,I/O,GPP_A20/ISH_GP2,,,
BA33,ISH,I/O,GPP_A21/ISH_GP3,,,
AW32,ISH,I/O,GPP_A22/ISH_GP4,,,
AV34,ISH,I/O,GPP_A23/ISH_GP5,,,
AV37,GEN_PINS_3,I/O,GPP_A3/LAD2/ESPI_IO2,,,
BA38,GEN_PINS_3,I/O,GPP_A4/LAD3/ESPI_IO3,,,
BE38,GEN_PINS_3,OUTPUT,GPP_A5/LFRAME#/ESPI_CS0#,,,
AW35,GEN_PINS_3,OUTPUT,GPP_A6/SERIRQ/ESPI_CS1#,,,
BA36,GEN_PINS_3,I/O,GPP_A7/PIRQA#/ESPI_ALERT0#,,,
BB36,GEN_PINS_3,OUTPUT,GPP_A9/CLKOUT_LPC0/ESPI_CLK,,,
BE29,GEN_PINS_2,OUTPUT,GPP_B0/GSPI0_CS1#,,,
BF33,GEN_PINS_2,OUTPUT,GPP_B1/GSPI1_CS1#/TIME_SYNC1,,,
AN29,FLEX_IO,I/O,GPP_B10/SRCCLKREQ5#,,,
AP29,AVS,OUTPUT,GPP_B11/I2S_MCLK,,,
BC28,PWR_MAN,OUTPUT,GPP_B12/SLP_S0#,,,
AV29,PWR_MAN,OUTPUT,GPP_B13/PLTRST#,,,
AW29,AVS,OUTPUT,GPP_B14/SPKR,,,
BB26,GEN_PINS_2,OUTPUT,GPP_B15/GSPI0_CS0#,,,
BF29,GEN_PINS_2,OUTPUT,GPP_B16/GSPI0_CLK,,,
BD29,GEN_PINS_2,INPUT,GPP_B17/GSPI0_MISO,,,
BE30,GEN_PINS_2,OUTPUT,GPP_B18/GSPI0_MOSI,,,
AW26,GEN_PINS_2,OUTPUT,GPP_B19/GSPI1_CS0#,,,
BE32,PWR_MAN,INPUT,GPP_B2/VRALERT#,,,
AU26,GEN_PINS_2,OUTPUT,GPP_B20/GSPI1_CLK,,,
BD30,GEN_PINS_2,INPUT,GPP_B21/GSPI1_MISO,,,
BA26,GEN_PINS_2,OUTPUT,GPP_B22/GSPI1_MOSI,,,
BD33,GEN_PINS_1,I/O,GPP_B23/SML1ALERT#/PCHHOT#,,,
BF32,CPU,INPUT,GPP_B3/CPU_GP2,,,
BC33,CPU,INPUT,GPP_B4/CPU_GP3,,,
BF31,FLEX_IO,I/O,GPP_B5/SRCCLKREQ0#,,,
BE31,FLEX_IO,I/O,GPP_B6/SRCCLKREQ1#,,,
AR32,FLEX_IO,I/O,GPP_B7/SRCCLKREQ2#,,,
BB30,FLEX_IO,I/O,GPP_B8/SRCCLKREQ3#,,,
BA30,FLEX_IO,I/O,GPP_B9/SRCCLKREQ4#,,,
BE26,GEN_PINS_2,I/O,GPP_C0/SMBCLK,,,
BF26,GEN_PINS_2,I/O,GPP_C1/SMBDATA,,,
BA24,GEN_PINS_1,OUTPUT,GPP_C10/UART0_RTS#,,,
AP24,GEN_PINS_1,INPUT,GPP_C11/UART0_CTS#,,,
AU24,ISH,INPUT,GPP_C12/UART1_RXD/ISH_UART1_RXD,,,
AP21,ISH,OUTPUT,GPP_C13/UART1_TXD/ISH_UART1_TXD,,,
AW24,ISH,OUTPUT,GPP_C14/UART1_RTS#/ISH_UART1_RTS#,,,
BD21,ISH,INPUT,GPP_C15/UART1_CTS#/ISH_UART1_CTS#,,,
BF23,GEN_PINS_1,I/O,GPP_C16/I2C0_SDA,,,
BC22,GEN_PINS_1,I/O,GPP_C17/I2C0_SCL,,,
BF21,GEN_PINS_1,I/O,GPP_C18/I2C1_SDA,,,
BE21,GEN_PINS_1,I/O,GPP_C19/I2C1_SCL,,,
BE25,GEN_PINS_2,I/O,GPP_C2/SMBALERT#,,,
BD20,GEN_PINS_1,INPUT,GPP_C20/UART2_RXD,,,
BE20,GEN_PINS_1,OUTPUT,GPP_C21/UART2_TXD,,,
AW21,GEN_PINS_1,OUTPUT,GPP_C22/UART2_RTS#,,,
AV21,GEN_PINS_1,INPUT,GPP_C23/UART2_CTS#,,,
BF25,GEN_PINS_2,I/O,GPP_C3/SML0CLK,,,
BE24,GEN_PINS_2,I/O,GPP_C4/SML0DATA,,,
BF24,GEN_PINS_2,I/O,GPP_C5/SML0ALERT#,,,
BF27,GEN_PINS_2,I/O,GPP_C6/SML1CLK,,,
BE27,GEN_PINS_2,I/O,GPP_C7/SML1DATA,,,
BE23,GEN_PINS_1,INPUT,GPP_C8/UART0_RXD,,,
BB24,GEN_PINS_1,OUTPUT,GPP_C9/UART0_TXD,,,
BF19,GEN_PINS_1,OUTPUT,GPP_D0/SPI1_CS#/SBK0/BK0,,,
BE19,GEN_PINS_1,OUTPUT,GPP_D1/SPI1_CLK/SBK1/BK1,,,
BB20,ISH,OUTPUT,GPP_D10/ISH_SPI_CLK/GSPI2_CLK,,,
BB16,ISH,INPUT,GPP_D11/ISH_SPI_MISO/GP_BSSB_CLK//GSPI2_MISO,,,
AN18,ISH,OUTPUT,GPP_D12/ISH_SPI_MOSI/GP_BSSB_DI//GSPI2_MOSI,,,
BE17,ISH,INPUT,GPP_D13/ISH_UART0_RXD/I2C2_SDA,,,
BF17,ISH,OUTPUT,GPP_D14/ISH_UART0_TXD/I2C2_SCL,,,
AR18,ISH,OUTPUT,GPP_D15/ISH_UART0_RTS#/GSPI2_CS1#/CNV_WFEN,,,
BF14,ISH,INPUT,GPP_D16/ISH_UART0_CTS#/CNV_WCEN,,,
AW15,AVS,OUTPUT,GPP_D17/DMIC_CLK1/SNDW3_CLK,,,
AV16,AVS,I/O,GPP_D18/DMIC_DATA1/SNDW3_DATA,,,
BD16,AVS,OUTPUT,GPP_D19/DMIC_CLK0/SNDW4_CLK,,,
BE18,GEN_PINS_1,INPUT,GPP_D2/SPI1_MISO/SBK2/BK2,,,
BF15,AVS,I/O,GPP_D20/DMIC_DATA0/SNDW4_DATA,,,
BD17,GEN_PINS_1,I/O,GPP_D21/SPI1_IO2,,,
BC17,GEN_PINS_1,I/O,GPP_D22/SPI1_IO3,,,
BE14,ISH,I/O,GPP_D23/ISH_I2C2_SCL/I2C3_SCL,,,
BF18,GEN_PINS_1,I/O,GPP_D3/SPI1_MOSI/SBK3/BK3,,,
BE15,ISH,I/O,GPP_D4/ISH_I2C2_SDA/I2C3_SDA/SBK4/BK4,,,
BE16,AVS,OUTPUT,GPP_D5/I2S2_SFRM/CNV_RF_RESET#,,,
BA17,AVS,OUTPUT,GPP_D6/I2S2_TXD/MODEM_CLKREQ,,,
AW18,AVS,INPUT,GPP_D7/I2S2_RXD,,,
AV18,AVS,OUTPUT,GPP_D8/I2S2_SCLK,,,
BA20,ISH,OUTPUT,GPP_D9/ISH_SPI_CS#/GSPI2_CS0#,,,
AH41,FLEX_IO,I/O,GPP_E0/SATAXPCIE0/SATAGP0,,,
AJ43,FLEX_IO,I/O,GPP_E1/SATAXPCIE1/SATAGP1,,,
AL40,USB,INPUT,GPP_E10/USB2_OC1#,,,
AJ44,USB,INPUT,GPP_E11/USB2_OC2#,,,
AL41,USB,INPUT,GPP_E12/USB2_OC3#,,,
AK47,FLEX_IO,I/O,GPP_E2/SATAXPCIE2/SATAGP2,,,
AL47,CPU,INPUT,GPP_E3/CPU_GP0,,,
AL48,FLEX_IO,I/O,GPP_E4/SATA_DEVSLP0,,,
AH35,FLEX_IO,I/O,GPP_E5/SATA_DEVSLP1,,,
AH40,FLEX_IO,I/O,GPP_E6/SATA_DEVSLP2,,,
AM45,CPU,INPUT,GPP_E7/CPU_GP1,,,
AK48,FLEX_IO,OUTPUT,GPP_E8/SATALED#,,,
AH36,USB,INPUT,GPP_E9/USB2_OC0#,,,
AN47,FLEX_IO,I/O,GPP_F0/SATAXPCIE3/SATAGP3,,,
AM46,FLEX_IO,I/O,GPP_F1/SATAXPCIE4/SATAGP4,,,
AR42,FLEX_IO,I/O,GPP_F10/SATA_SCLOCK,,,
AR48,FLEX_IO,I/O,GPP_F11/SATA_SLOAD,,,
AU46,FLEX_IO,I/O,GPP_F12/SATA_SDATAOUT1,,,
AU47,FLEX_IO,I/O,GPP_F13/SATA_SDATAOUT0,,,
AP41,PWR_MAN,OUTPUT,GPP_F14/PS_ON#,,,
AV47,USB,INPUT,GPP_F15/USB2_OC4#,,,
AR35,USB,INPUT,GPP_F16/USB2_OC5#,,,
AR37,USB,INPUT,GPP_F17/USB2_OC6#,,,
AV43,USB,INPUT,GPP_F18/USB2_OC7#,,,
AV44,DDS,OUTPUT,GPP_F19/eDP_VDDEN,,,
AM43,FLEX_IO,I/O,GPP_F2/SATAXPCIE5/SATAGP5,,,
AV46,DDS,OUTPUT,GPP_F20/eDP_BKLTEN,,,
AU48,DDS,OUTPUT,GPP_F21/eDP_BKLTCTL,,,
AT49,DDS,I/O,GPP_F22/DDPF_CTRLCLK,,,
AN40,DDS,I/O,GPP_F23/DDPF_CTRLDATA,,,
AM47,FLEX_IO,I/O,GPP_F3/SATAXPCIE6/SATAGP6,,,
AM48,FLEX_IO,I/O,GPP_F4/SATAXPCIE7/SATAGP7,,,
AP48,FLEX_IO,I/O,GPP_F5/SATA_DEVSLP3,,,
AR47,FLEX_IO,I/O,GPP_F6/SATA_DEVSLP4,,,
AN46,FLEX_IO,I/O,GPP_F7/SATA_DEVSLP5,,,
AN37,FLEX_IO,I/O,GPP_F8/SATA_DEVSLP6,,,
AP47,FLEX_IO,I/O,GPP_F9/SATA_DEVSLP7,,,
AW13,GEN_PINS_1,I/O,GPP_G0/SD_CMD,,,
BE9,GEN_PINS_1,I/O,GPP_G1/SD_DATA0,,,
BF8,GEN_PINS_1,I/O,GPP_G2/SD_DATA1,,,
BF9,GEN_PINS_1,I/O,GPP_G3/SD_DATA2,,,
BG8,GEN_PINS_1,I/O,GPP_G4/SD_DATA3,,,
BE8,GEN_PINS_1,I/O,GPP_G5/SD_CD#,,,
BD8,GEN_PINS_1,I/O,GPP_G6/SD_CLK,,,
AV13,GEN_PINS_1,I/O,GPP_G7/SD_WP,,,
AE47,FLEX_IO,I/O,GPP_H0/SRCCLKREQ6#,,,
AC48,FLEX_IO,I/O,GPP_H1/SRCCLKREQ7#,,,
AE48,SML,I/O,GPP_H10/SML2CLK,,,
AD47,SML,I/O,GPP_H11/SML2DATA,,,
AB47,SML,I/O,GPP_H12/SML2ALERT#,,,
AF47,SML,I/O,GPP_H13/SML3CLK,,,
AD48,SML,I/O,GPP_H14/SML3DATA,,,
AC47,SML,I/O,GPP_H15/SML3ALERT#,,,
AE43,SML,I/O,GPP_H16/SML4CLK,,,
AJ46,SML,I/O,GPP_H17/SML4DATA,,,
AE44,SML,I/O,GPP_H18/SML4ALERT#,,,
AH46,ISH,I/O,GPP_H19/ISH_I2C0_SDA,,,
AE41,FLEX_IO,I/O,GPP_H2/SRCCLKREQ8#,,,
AG45,ISH,I/O,GPP_H20/ISH_I2C0_SCL,,,
AH48,ISH,I/O,GPP_H21/ISH_I2C1_SDA,,,
AH47,ISH,I/O,GPP_H22/ISH_I2C1_SCL,,,
AJ47,GEN_PINS_1,INPUT,GPP_H23/TIME_SYNC0,,,
AF48,FLEX_IO,I/O,GPP_H3/SRCCLKREQ9#,,,
AC41,FLEX_IO,I/O,GPP_H4/SRCCLKREQ10#,,,
AC39,FLEX_IO,I/O,GPP_H5/SRCCLKREQ11#,,,
AE39,FLEX_IO,I/O,GPP_H6/SRCCLKREQ12#,,,
AB48,FLEX_IO,I/O,GPP_H7/SRCCLKREQ13#,,,
AC44,FLEX_IO,I/O,GPP_H8/SRCCLKREQ14#,,,
AC43,FLEX_IO,I/O,GPP_H9/SRCCLKREQ15#,,,
AT6,DDS,INPUT,GPP_I0/DDPB_HPD0/DISP_MISC0,,,
AN10,DDS,INPUT,GPP_I1/DDPC_HPD1/DISP_MISC1,,,
AR3,DDS,I/O,GPP_I10/DDPD_CTRLDATA,,,
AP3,GEN_PINS_2,I/O,GPP_I11/M2_SKT2_CFG0,,,
AP2,GEN_PINS_2,I/O,GPP_I12/M2_SKT2_CFG1,,,
AN4,GEN_PINS_2,I/O,GPP_I13/M2_SKT2_CFG2,,,
AM7,GEN_PINS_2,I/O,GPP_I14/M2_SKT2_CFG3,,,
AP9,DDS,INPUT,GPP_I2/DDPD_HPD2/DISP_MISC2,,,
AL15,DDS,INPUT,GPP_I3/DDPF_HPD3/DISP_MISC3,,,
AN6,DDS,INPUT,GPP_I4/EDP_HPD/DISP_MISC4,,,
AL13,DDS,I/O,GPP_I5/DDPB_CTRLCLK,,,
AR8,DDS,I/O,GPP_I6/DDPB_CTRLDATA,,,
AN13,DDS,I/O,GPP_I7/DDPC_CTRLCLK,,,
AL10,DDS,I/O,GPP_I8/DDPC_CTRLDATA,,,
AL9,DDS,I/O,GPP_I9/DDPD_CTRLCLK,,,
AW3,GEN_PINS_1,I/O,GPP_J2,,,
AT10,GEN_PINS_1,I/O,GPP_J3,,,
AV4,GEN_PINS_3,OUTPUT,GPP_J4/CNV_BRI_DT/UART0B_RTS#,,,
AV6,GEN_PINS_3,INPUT,GPP_J0/CNV_PA_BLANKING,,,
AY3,PWR_MAN,OUTPUT,GPP_J1/CPU_C10_GATE#,,,
AV7,GEN_PINS_1,I/O,GPP_J10,,,
AR13,GEN_PINS_1,I/O,GPP_J11/A4WP_PRESENT,,,
AY2,GEN_PINS_3,INPUT,GPP_J5/CNV_BRI_RSP/UART0B_RXD,,,
BA4,GEN_PINS_3,OUTPUT,GPP_J6/CNV_RGI_DT/UART0B_TXD,,,
AV3,GEN_PINS_3,INPUT,GPP_J7/CNV_RGI_RSP/UART0B_CTS#,,,
AW2,GEN_PINS_3,INPUT,GPP_J8/CNV_MFUART2_RXD,,,
AU9,GEN_PINS_3,OUTPUT,GPP_J9/CNV_MFUART2_TXD,,,
L47,GEN_PINS_1,I/O,GPP_K0,,,
L46,GEN_PINS_1,I/O,GPP_K1,,,
V48,GEN_PINS_1,I/O,GPP_K10,,,
W47,GEN_PINS_1,I/O,GPP_K11,,,
Y46,GEN_PINS_2,OUTPUT,GPP_K12/GSXDOUT,,,
Y48,GEN_PINS_2,OUTPUT,GPP_K13/GSXSLOAD,,,
W46,GEN_PINS_2,INPUT,GPP_K14/GSXDIN,,,
AA45,GEN_PINS_2,OUTPUT,GPP_K15/GSXSRESET#,,,
Y47,GEN_PINS_2,OUTPUT,GPP_K16/GSXCLK,,,
R47,GEN_PINS_3,I/O,GPP_K17/ADR_COMPLETE,,,
T47,GEN_PINS_3,I/O,GPP_K18/NMI#,,,
T48,GEN_PINS_3,I/O,GPP_K19/SMI#,,,
U48,GEN_PINS_2,I/O,GPP_K2,,,
T46,GEN_PINS_2,I/O,GPP_K20,,,
T45,GEN_PINS_2,I/O,GPP_K21,,,
L48,GEN_PINS_3,I/O,GPP_K22/IMGCLKOUT0,,,
M45,GEN_PINS_3,I/O,GPP_K23/IMGCLKOUT1,,,
U47,GEN_PINS_2,I/O,GPP_K3,,,
N48,GEN_PINS_2,I/O,GPP_K4,,,
N47,GEN_PINS_2,I/O,GPP_K5,,,
P47,GEN_PINS_2,I/O,GPP_K6,,,
R46,GEN_PINS_2,I/O,GPP_K7,,,
P48,GEN_PINS_2,I/O,GPP_K8,,,
V47,GEN_PINS_2,I/O,GPP_K9,,,
BD1,PWR,OUTPUT,GPPJ_RCOMP_1P8,,,
BE1,PWR,OUTPUT,GPPJ_RCOMP_1P8,,,
BE2,PWR,OUTPUT,GPPJ_RCOMP_1P8,,,
BD11,AVS,OUTPUT,HDA_BCLK/I2S0_SCLK,,,
BE10,AVS,OUTPUT,HDA_RST#/I2S1_SCLK,,,
BE11,AVS,I/O,HDA_SDI0/I2S0_RXD,,,
BF10,AVS,I/O,HDA_SDI1/I2S1_RXD,,,
BF12,AVS,OUTPUT,HDA_SDO/I2S0_TXD,,,
BG13,AVS,OUTPUT,HDA_SYNC/I2S0_SFRM,,,
AM3,AVS,OUTPUT,HDACPU_SCLK,,,
AN3,AVS,INPUT,HDACPU_SDI,,,
AM2,AVS,OUTPUT,HDACPU_SDO,,,
BD12,AVS,OUTPUT,I2S1_SFRM/SNDW2_CLK,,,
F36,FLEX_IO,INPUT,PCIE9_RXP,,,
C34,FLEX_IO,OUTPUT,PCIE9_TXN,,,
D34,FLEX_IO,OUTPUT,PCIE9_TXP,,,
AF2,CPU,I/O,PECI,,,
AG5,CPU,OUTPUT,PLTRST_CPU#,,,
AE2,CPU,INPUT,PM_DOWN,,,
AF3,CPU,OUTPUT,PM_SYNC,,,
AM5,GEN_PINS_2,I/O,PRDY#,,,
AL2,GEN_PINS_2,I/O,PREQ#,,,
BA47,GEN_PINS_2,INPUT,RSMRST#,,,
BC1,PWR,NC,RSVD,,,
AH14,PWR,NC,RSVD,,,
AH15,PWR,NC,RSVD,,,
R32,PWR,NC,RSVD,,,
N32,PWR,NC,RSVD,,,
U35,PWR,NC,RSVD,,,
U37,PWR,NC,RSVD,,,
R15,PWR,NC,RSVD,,,
R13,PWR,NC,RSVD,,,
U13,PWR,NC,RSVD,,,
Y35,PWR,NC,RSVD,,,
Y36,PWR,NC,RSVD,,,
Y15,PWR,NC,RSVD,,,
Y14,PWR,NC,RSVD,,,
M29,PWR,NC,RSVD,,,
K29,PWR,NC,RSVD,,,
E28,PWR,NC,RSVD,,,
D29,PWR,NC,RSVD,,,
M26,PWR,NC,RSVD,,,
L26,PWR,NC,RSVD,,,
C27,PWR,NC,RSVD,,,
B27,PWR,NC,RSVD,,,
G26,PWR,NC,RSVD,,,
F26,PWR,NC,RSVD,,,
B26,PWR,NC,RSVD,,,
C26,PWR,NC,RSVD,,,
R24,PWR,NC,RSVD,,,
P24,PWR,NC,RSVD,,,
B25,PWR,NC,RSVD,,,
A25,PWR,NC,RSVD,,,
BE47,CLK,INPUT,RTCRST#,,,
BA49,CLK,INPUT,RTCX1,,,
BA48,CLK,OUTPUT,RTCX2,,,
BE5,PWR,I/O,SD_1P8_RCOMP,,,
BE4,PWR,I/O,SD_3P3_RCOMP,,,
BF40,PWR_MAN,OUTPUT,SLP_LAN#,,,
BD39,PWR_MAN,OUTPUT,SLP_SUS#,,,
AW47,GEN_PINS_1,OUTPUT,SPI0_CLK,,,
AY47,GEN_PINS_1,OUTPUT,SPI0_CS0#,,,
AW48,GEN_PINS_1,OUTPUT,SPI0_CS1#,,,
AT40,GEN_PINS_1,OUTPUT,SPI0_CS2#,,,
AY48,GEN_PINS_1,I/O,SPI0_IO2,,,
BA46,GEN_PINS_1,I/O,SPI0_IO3,,,
BA45,GEN_PINS_1,INPUT,SPI0_MISO,,,
AU41,GEN_PINS_1,OUTPUT,SPI0_MOSI,,,
BD46,CLK,INPUT,SRTCRST#,,,
AU3,PWR_MAN,INPUT,SYS_PWROK,,,
AU2,PWR_MAN,INPUT,SYS_RESET#,,,
AD3,CPU,INPUT,THRMTRIP#,,,
AL35,GEN_PINS_2,I/O,TP,,,
AN35,GEN_PINS_2,I/O,TP,,,
AK2,GEN_PINS_2,I/O,TRIGGER_IN,,,
AK3,GEN_PINS_2,I/O,TRIGGER_OUT,,,
F4,USB,I/O,USB2_COMP,,,
G3,USB,I/O,USB2_ID,,,
F3,USB,I/O,USB2_VBUSSENSE,,,
J3,USB,I/O,USB2N_1,,,
H3,USB,I/O,USB2N_10,,,
R10,USB,I/O,USB2N_11,,,
G1,USB,I/O,USB2N_12,,,
N3,USB,I/O,USB2N_13,,,
E5,USB,I/O,USB2N_14,,,
N13,USB,I/O,USB2N_2,,,
K4,USB,I/O,USB2N_3,,,
M10,USB,I/O,USB2N_4,,,
M1,USB,I/O,USB2N_5,,,
K7,USB,I/O,USB2N_6,,,
L4,USB,I/O,USB2N_7,,,
G4,USB,I/O,USB2N_8,,,
M6,USB,I/O,USB2N_9,,,
J2,USB,I/O,USB2P_1,,,
H2,USB,I/O,USB2P_10,,,
P9,USB,I/O,USB2P_11,,,
G2,USB,I/O,USB2P_12,,,
N2,USB,I/O,USB2P_13,,,
F6,USB,I/O,USB2P_14,,,
N15,USB,I/O,USB2P_2,,,
K3,USB,I/O,USB2P_3,,,
L9,USB,I/O,USB2P_4,,,
L2,USB,I/O,USB2P_5,,,
K6,USB,I/O,USB2P_6,,,
L3,USB,I/O,USB2P_7,,,
G5,USB,I/O,USB2P_8,,,
N8,USB,I/O,USB2P_9,,,
D11,USB,INPUT,USB31_1_RXN,,,
C11,USB,INPUT,USB31_1_RXP,,,
F9,USB,OUTPUT,USB31_1_TXN,,,
F7,USB,OUTPUT,USB31_1_TXP,,,
B9,USB,INPUT,USB31_2_RXN,,,
C9,USB,INPUT,USB31_2_RXP,,,
C3,USB,OUTPUT,USB31_2_TXN,,,
D4,USB,OUTPUT,USB31_2_TXP,,,
B10,USB,INPUT,USB31_3_RXN,,,
C10,USB,INPUT,USB31_3_RXP,,,
F11,USB,OUTPUT,USB31_3_TXN,,,
G12,USB,OUTPUT,USB31_3_TXP,,,
K16,USB,INPUT,USB31_4_RXN,,,
J15,USB,INPUT,USB31_4_RXP,,,
B14,USB,OUTPUT,USB31_4_TXN,,,
C14,USB,OUTPUT,USB31_4_TXP,,,
J13,USB,INPUT,USB31_5_RXN,,,
K13,USB,INPUT,USB31_5_RXP,,,
C15,USB,OUTPUT,USB31_5_TXN,,,
B15,USB,OUTPUT,USB31_5_TXP,,,
G14,USB,INPUT,USB31_6_RXN,,,
F14,USB,INPUT,USB31_6_RXP,,,
C17,USB,OUTPUT,USB31_6_TXN,,,
C16,USB,OUTPUT,USB31_6_TXP,,,
V19,PWR,POWER,VCCA_BCLK_1P05,,,
W19,PWR,POWER,VCCA_SRC_1P05,,,
W20,PWR,POWER,VCCA_SRC_1P05,,,
P2,PWR,POWER,VCCA_XTAL_1P05,,,
P3,PWR,POWER,VCCA_XTAL_1P05,,,
C49,PWR,POWER,VCCAMPHYPLL_1P05,,,
D49,PWR,POWER,VCCAMPHYPLL_1P05,,,
E49,PWR,POWER,VCCAMPHYPLL_1P05,,,
B1,PWR,POWER,VCCAPLL_1P05,,,
B2,PWR,POWER,VCCAPLL_1P05,,,
B3,PWR,POWER,VCCAPLL_1P05,,,
C1,PWR,POWER,VCCAPLL_1P05,,,
C2,PWR,POWER,VCCAPLL_1P05,,,
AJ22,PWR,POWER,VCCDPHY_1P24,,,
AJ23,PWR,POWER,VCCDPHY_1P24,,,
BG5,PWR,POWER,VCCDPHY_1P24,,,
BG45,PWR,POWER,VCCDSW_1P05,,,
BG46,PWR,POWER,VCCDSW_1P05,,,
BE48,PWR,POWER,VCCDSW_3P3,,,
BE49,PWR,POWER,VCCDSW_3P3,,,
W22,PWR,POWER,VCCDUSB_1P05,,,
W23,PWR,POWER,VCCDUSB_1P05,,,
BB14,PWR,POWER,VCCHDA,,,
K47,PWR,POWER,VCCMPHY_SENSE,,,
AN32,PWR,POWER,VCCPGPPA,,,
AN26,PWR,POWER,VCCPGPPBC,,,
AP26,PWR,POWER,VCCPGPPBC,,,
AN24,PWR,POWER,VCCPGPPD,,,
AE35,PWR,POWER,VCCPGPPEF,,,
AE36,PWR,POWER,VCCPGPPEF,,,
AN21,PWR,POWER,VCCPGPPG_3P3,,,
AC35,PWR,POWER,VCCPGPPHK,,,
AC36,PWR,POWER,VCCPGPPHK,,,
AF19,PWR,POWER,VCCPHVLDO_1P8,,,
AF20,PWR,POWER,VCCPHVLDO_1P8,,,
D1,PWR,POWER,VCCPRIM_1P05,,,
E1,PWR,POWER,VCCPRIM_1P05,,,
AG31,PWR,POWER,VCCPRIM_1P05,,,
AK22,PWR,POWER,VCCDPHY_1P24,,,
AK23,PWR,POWER,VCCDPHY_1P24,,,
U26,PWR,POWER,VCCPRIM_1P05,,,
U29,PWR,POWER,VCCPRIM_1P05,,,
V25,PWR,POWER,VCCPRIM_1P05,,,
V27,PWR,POWER,VCCPRIM_1P05,,,
V28,PWR,POWER,VCCPRIM_1P05,,,
V30,PWR,POWER,VCCPRIM_1P05,,,
V31,PWR,POWER,VCCPRIM_1P05,,,
AA22,PWR,POWER,VCCPRIM_1P05,,,
AA23,PWR,POWER,VCCPRIM_1P05,,,
AB20,PWR,POWER,VCCPRIM_1P05,,,
AB22,PWR,POWER,VCCPRIM_1P05,,,
AB23,PWR,POWER,VCCPRIM_1P05,,,
AB27,PWR,POWER,VCCPRIM_1P05,,,
AB28,PWR,POWER,VCCPRIM_1P05,,,
AB30,PWR,POWER,VCCPRIM_1P05,,,
AD20,PWR,POWER,VCCPRIM_1P05,,,
AD23,PWR,POWER,VCCPRIM_1P05,,,
AD27,PWR,POWER,VCCPRIM_1P05,,,
AD28,PWR,POWER,VCCPRIM_1P05,,,
AD30,PWR,POWER,VCCPRIM_1P05,,,
AF23,PWR,POWER,VCCPRIM_1P05,,,
AF27,PWR,POWER,VCCPRIM_1P05,,,
AF30,PWR,POWER,VCCPRIM_1P05,,,
AE17,PWR,POWER,VCCPRIM_1P05,,,
AD31,PWR,POWER,VCCPRIM_1P05,,,
AG19,PWR,POWER,VCCPRIM_1P8,,,
AG20,PWR,POWER,VCCPRIM_1P8,,,
AN15,PWR,POWER,VCCPRIM_1P8,,,
AR15,PWR,POWER,VCCPRIM_1P8,,,
BB11,PWR,POWER,VCCPRIM_1P8,,,
AT44,PWR,POWER,VCCPRIM_3P3,,,
AW9,PWR,POWER,VCCPRIM_3P3,,,
AY8,PWR,POWER,VCCPRIM_3P3,,,
BB7,PWR,POWER,VCCPRIM_3P3,,,
V23,PWR,POWER,VCCPRIM_3P3,,,
W31,PWR,POWER,VCCPRIM_MPHY_1P05,,,
BC49,PWR,POWER,VCCRTC,,,
BD49,PWR,POWER,VCCRTC,,,
AN44,PWR,POWER,VCCSPI,,,
AL37,PWR,POWER,VSS,,,
A2,PWR,POWER,VSS,,,
A28,PWR,POWER,VSS,,,
A3,PWR,POWER,VSS,,,
A33,PWR,POWER,VSS,,,
A37,PWR,POWER,VSS,,,
A4,PWR,POWER,VSS,,,
A45,PWR,POWER,VSS,,,
A46,PWR,POWER,VSS,,,
A47,PWR,POWER,VSS,,,
A48,PWR,POWER,VSS,,,
A5,PWR,POWER,VSS,,,
A8,PWR,POWER,VSS,,,
AA19,PWR,POWER,VSS,,,
AA20,PWR,POWER,VSS,,,
AA25,PWR,POWER,VSS,,,
AA27,PWR,POWER,VSS,,,
AA28,PWR,POWER,VSS,,,
AA30,PWR,POWER,VSS,,,
AA31,PWR,POWER,VSS,,,
AA49,PWR,POWER,VSS,,,
AA5,PWR,POWER,VSS,,,
AB19,PWR,POWER,VSS,,,
AB25,PWR,POWER,VSS,,,
AB31,PWR,POWER,VSS,,,
AC12,PWR,POWER,VSS,,,
AC17,PWR,POWER,VSS,,,
AC33,PWR,POWER,VSS,,,
AC38,PWR,POWER,VSS,,,
AC4,PWR,POWER,VSS,,,
AC46,PWR,POWER,VSS,,,
AD1,PWR,POWER,VSS,,,
AD19,PWR,POWER,VSS,,,
AD2,PWR,POWER,VSS,,,
AD22,PWR,POWER,VSS,,,
AD25,PWR,POWER,VSS,,,
AD49,PWR,POWER,VSS,,,
AE12,PWR,POWER,VSS,,,
AE33,PWR,POWER,VSS,,,
AE38,PWR,POWER,VSS,,,
AE4,PWR,POWER,VSS,,,
AE46,PWR,POWER,VSS,,,
AF22,PWR,POWER,VSS,,,
AF25,PWR,POWER,VSS,,,
AF28,PWR,POWER,VSS,,,
AG1,PWR,POWER,VSS,,,
AG22,PWR,POWER,VSS,,,
AG23,PWR,POWER,VSS,,,
AG25,PWR,POWER,VSS,,,
AG27,PWR,POWER,VSS,,,
AG28,PWR,POWER,VSS,,,
AG30,PWR,POWER,VSS,,,
AG49,PWR,POWER,VSS,,,
AH12,PWR,POWER,VSS,,,
AH17,PWR,POWER,VSS,,,
AH33,PWR,POWER,VSS,,,
AH38,PWR,POWER,VSS,,,
AJ19,PWR,POWER,VSS,,,
AJ20,PWR,POWER,VSS,,,
AJ25,PWR,POWER,VSS,,,
AJ27,PWR,POWER,VSS,,,
AJ28,PWR,POWER,VSS,,,
AJ30,PWR,POWER,VSS,,,
AJ31,PWR,POWER,VSS,,,
AK19,PWR,POWER,VSS,,,
AK20,PWR,POWER,VSS,,,
AK25,PWR,POWER,VSS,,,
AK27,PWR,POWER,VSS,,,
AK28,PWR,POWER,VSS,,,
AK30,PWR,POWER,VSS,,,
AK31,PWR,POWER,VSS,,,
AK4,PWR,POWER,VSS,,,
AK46,PWR,POWER,VSS,,,
AL12,PWR,POWER,VSS,,,
AL17,PWR,POWER,VSS,,,
AL21,PWR,POWER,VSS,,,
AL24,PWR,POWER,VSS,,,
AL26,PWR,POWER,VSS,,,
AL29,PWR,POWER,VSS,,,
AL33,PWR,POWER,VSS,,,
AL38,PWR,POWER,VSS,,,
AM1,PWR,POWER,VSS,,,
AM18,PWR,POWER,VSS,,,
AM32,PWR,POWER,VSS,,,
AM49,PWR,POWER,VSS,,,
AN12,PWR,POWER,VSS,,,
AN16,PWR,POWER,VSS,,,
AN34,PWR,POWER,VSS,,,
AN38,PWR,POWER,VSS,,,
AP4,PWR,POWER,VSS,,,
AP46,PWR,POWER,VSS,,,
AR12,PWR,POWER,VSS,,,
AR16,PWR,POWER,VSS,,,
AR34,PWR,POWER,VSS,,,
AR38,PWR,POWER,VSS,,,
AT1,PWR,POWER,VSS,,,
AT16,PWR,POWER,VSS,,,
AT18,PWR,POWER,VSS,,,
AT21,PWR,POWER,VSS,,,
AT24,PWR,POWER,VSS,,,
AT26,PWR,POWER,VSS,,,
AT29,PWR,POWER,VSS,,,
AT32,PWR,POWER,VSS,,,
AT34,PWR,POWER,VSS,,,
AT45,PWR,POWER,VSS,,,
AV11,PWR,POWER,VSS,,,
AV39,PWR,POWER,VSS,,,
AW10,PWR,POWER,VSS,,,
AW4,PWR,POWER,VSS,,,
AW40,PWR,POWER,VSS,,,
AW46,PWR,POWER,VSS,,,
B47,PWR,POWER,VSS,,,
B48,PWR,POWER,VSS,,,
B49,PWR,POWER,VSS,,,
BA12,PWR,POWER,VSS,,,
BA14,PWR,POWER,VSS,,,
BA44,PWR,POWER,VSS,,,
BA5,PWR,POWER,VSS,,,
BA6,PWR,POWER,VSS,,,
BB41,PWR,POWER,VSS,,,
BB43,PWR,POWER,VSS,,,
BB9,PWR,POWER,VSS,,,
BC10,PWR,POWER,VSS,,,
BC13,PWR,POWER,VSS,,,
BC15,PWR,POWER,VSS,,,
BC19,PWR,POWER,VSS,,,
BC24,PWR,POWER,VSS,,,
BC26,PWR,POWER,VSS,,,
BC31,PWR,POWER,VSS,,,
BC35,PWR,POWER,VSS,,,
BC40,PWR,POWER,VSS,,,
BC45,PWR,POWER,VSS,,,
BC8,PWR,POWER,VSS,,,
BD43,PWR,POWER,VSS,,,
BE44,PWR,POWER,VSS,,,
BF1,PWR,POWER,VSS,,,
BF2,PWR,POWER,VSS,,,
BF3,PWR,POWER,VSS,,,
BF48,PWR,POWER,VSS,,,
BF49,PWR,POWER,VSS,,,
BG17,PWR,POWER,VSS,,,
BG2,PWR,POWER,VSS,,,
BG22,PWR,POWER,VSS,,,
BG25,PWR,POWER,VSS,,,
BG28,PWR,POWER,VSS,,,
BG3,PWR,POWER,VSS,,,
BG33,PWR,POWER,VSS,,,
BG37,PWR,POWER,VSS,,,
BG4,PWR,POWER,VSS,,,
BG48,PWR,POWER,VSS,,,
C12,PWR,POWER,VSS,,,
C25,PWR,POWER,VSS,,,
C30,PWR,POWER,VSS,,,
C4,PWR,POWER,VSS,,,
C48,PWR,POWER,VSS,,,
C5,PWR,POWER,VSS,,,
D12,PWR,POWER,VSS,,,
D16,PWR,POWER,VSS,,,
D17,PWR,POWER,VSS,,,
D30,PWR,POWER,VSS,,,
D33,PWR,POWER,VSS,,,
D8,PWR,POWER,VSS,,,
E10,PWR,POWER,VSS,,,
E13,PWR,POWER,VSS,,,
E15,PWR,POWER,VSS,,,
E17,PWR,POWER,VSS,,,
E19,PWR,POWER,VSS,,,
E22,PWR,POWER,VSS,,,
E24,PWR,POWER,VSS,,,
E26,PWR,POWER,VSS,,,
E31,PWR,POWER,VSS,,,
E33,PWR,POWER,VSS,,,
E35,PWR,POWER,VSS,,,
E40,PWR,POWER,VSS,,,
E42,PWR,POWER,VSS,,,
E8,PWR,POWER,VSS,,,
F41,PWR,POWER,VSS,,,
F43,PWR,POWER,VSS,,,
F47,PWR,POWER,VSS,,,
G44,PWR,POWER,VSS,,,
G6,PWR,POWER,VSS,,,
H8,PWR,POWER,VSS,,,
J10,PWR,POWER,VSS,,,
J26,PWR,POWER,VSS,,,
J29,PWR,POWER,VSS,,,
J4,PWR,POWER,VSS,,,
J40,PWR,POWER,VSS,,,
J46,PWR,POWER,VSS,,,
J47,PWR,POWER,VSS,,,
J48,PWR,POWER,VSS,,,
J9,PWR,POWER,VSS,,,
K11,PWR,POWER,VSS,,,
K39,PWR,POWER,VSS,,,
M16,PWR,POWER,VSS,,,
M18,PWR,POWER,VSS,,,
M21,PWR,POWER,VSS,,,
M24,PWR,POWER,VSS,,,
M32,PWR,POWER,VSS,,,
M34,PWR,POWER,VSS,,,
M49,PWR,POWER,VSS,,,
M5,PWR,POWER,VSS,,,
N12,PWR,POWER,VSS,,,
N16,PWR,POWER,VSS,,,
N34,PWR,POWER,VSS,,,
N35,PWR,POWER,VSS,,,
N37,PWR,POWER,VSS,,,
N38,PWR,POWER,VSS,,,
P26,PWR,POWER,VSS,,,
P29,PWR,POWER,VSS,,,
P4,PWR,POWER,VSS,,,
P46,PWR,POWER,VSS,,,
R12,PWR,POWER,VSS,,,
R16,PWR,POWER,VSS,,,
R26,PWR,POWER,VSS,,,
R29,PWR,POWER,VSS,,,
R3,PWR,POWER,VSS,,,
R34,PWR,POWER,VSS,,,
R38,PWR,POWER,VSS,,,
R4,PWR,POWER,VSS,,,
T17,PWR,POWER,VSS,,,
T18,PWR,POWER,VSS,,,
T32,PWR,POWER,VSS,,,
T4,PWR,POWER,VSS,,,
T49,PWR,POWER,VSS,,,
T5,PWR,POWER,VSS,,,
T7,PWR,POWER,VSS,,,
U12,PWR,POWER,VSS,,,
U15,PWR,POWER,VSS,,,
U17,PWR,POWER,VSS,,,
U21,PWR,POWER,VSS,,,
U24,PWR,POWER,VSS,,,
U33,PWR,POWER,VSS,,,
U38,PWR,POWER,VSS,,,
V20,PWR,POWER,VSS,,,
V22,PWR,POWER,VSS,,,
V4,PWR,POWER,VSS,,,
V46,PWR,POWER,VSS,,,
W25,PWR,POWER,VSS,,,
W27,PWR,POWER,VSS,,,
W28,PWR,POWER,VSS,,,
W30,PWR,POWER,VSS,,,
Y10,PWR,POWER,VSS,,,
Y12,PWR,POWER,VSS,,,
Y17,PWR,POWER,VSS,,,
Y33,PWR,POWER,VSS,,,
Y38,PWR,POWER,VSS,,,
Y9,PWR,POWER,VSS,,,
K46,PWR,POWER,VSSMPHY_SENSE,,,
BB47,PWR_MAN,I/O,WAKE#,,,
T3,CLK,I/O,XCLK_BIASREF,,,
U10,CLK,INPUT,XTAL_IN,,,
U9,CLK,OUTPUT,XTAL_OUT,,,
,,,,,,
,,,,,,
,,,,,,
,,,,,,
,,,,,,
,,,,,,
,,,,,,
,,,,,,
,,,,,,
,,,,,,
,,,,,,
,,,,,,
,,,,,,
,,,,,,
,,,,,,
,,,,,,
,,,,,,
,,,,,,
,,,,,,
,,,,,,
,,,,,,
,,,,,,
,,,,,,
,,,,,,
,,,,,,
,,,,,,
,,,,,,
,,,,,,
,,,,,,
,,,,,,
,,,,,,
,,,,,,
,,,,,,
,,,,,,
,,,,,,
,,,,,,
,,,,,,
,,,,,,
,,,,,,
,,,,,,
,,,,,,
,,,,,,
,,,,,,
,,,,,,
,,,,,,
,,,,,,
,,,,,,
,,,,,,
,,,,,,
,,,,,,
,,,,,,
,,,,,,
,,,,,,
,,,,,,
,,,,,,
,,,,,,
,,,,,,
,,,,,,
,,,,,,
,,,,,,
,,,,,,
,,,,,,
,,,,,,
,,,,,,
,,,,,,
,,,,,,
,,,,,,
,,,,,,
,,,,,,
,,,,,,
,,,,,,
,,,,,,
,,,,,,
,,,,,,
,,,,,,
,,,,,,
,,,,,,
,,,,,,
,,,,,,
,,,,,,
,,,,,,
,,,,,,
,,,,,,
,,,,,,
,,,,,,
,,,,,,
,,,,,,
,,,,,,
,,,,,,
,,,,,,
,,,,,,
,,,,,,
,,,,,,
,,,,,,
,,,,,,
,,,,,,
,,,,,,
,,,,,,
,,,,,,
,,,,,,
,,,,,,
,,,,,,
,,,,,,
,,,,,,
,,,,,,
,,,,,,
,,,,,,
,,,,,,
,,,,,,
,,,,,,
,,,,,,
,,,,,,
,,,,,,
,,,,,,
,,,,,,
,,,,,,
,,,,,,
,,,,,,
,,,,,,
,,,,,,
,,,,,,
,,,,,,
,,,,,,
,,,,,,
,,,,,,
,,,,,,
,,,,,,
,,,,,,
,,,,,,
,,,,,,
,,,,,,
,,,,,,
,,,,,,
,,,,,,
,,,,,,
,,,,,,
,,,,,,
,,,,,,
,,,,,,
,,,,,,
,,,,,,
,,,,,,
,,,,,,
,,,,,,
,,,,,,
,,,,,,
,,,,,,
,,,,,,
,,,,,,
,,,,,,
,,,,,,
,,,,,,
,,,,,,
,,,,,,
,,,,,,
,,,,,,
,,,,,,
,,,,,,
,,,,,,
,,,,,,
,,,,,,
,,,,,,
,,,,,,
,,,,,,
,,,,,,
,,,,,,
,,,,,,
,,,,,,
,,,,,,